In order to ensure a consistent backup of the database, pass --single-transaction or --lock-all-tables or --source-data
. 
mysqldump: Error: 'SELECT command denied to user 'ciatshop'@'localhost' for table 'column_masking_policy'' when trying 
to dump masking policies
-- MySQL dump 10.13  Distrib 9.7.0, for Linux (x86_64)
--
-- Host: localhost    Database: ciatshop
-- ------------------------------------------------------
-- Server version	9.7.0

/*!40101 SET @OLD_CHARACTER_SET_CLIENT=@@CHARACTER_SET_CLIENT */;
/*!40101 SET @OLD_CHARACTER_SET_RESULTS=@@CHARACTER_SET_RESULTS */;
/*!40101 SET @OLD_COLLATION_CONNECTION=@@COLLATION_CONNECTION */;
/*!50503 SET NAMES utf8mb4 */;
/*!40103 SET @OLD_TIME_ZONE=@@TIME_ZONE */;
/*!40103 SET TIME_ZONE='+00:00' */;
/*!40014 SET @OLD_UNIQUE_CHECKS=@@UNIQUE_CHECKS, UNIQUE_CHECKS=0 */;
/*!40014 SET @OLD_FOREIGN_KEY_CHECKS=@@FOREIGN_KEY_CHECKS, FOREIGN_KEY_CHECKS=0 */;
/*!40101 SET @OLD_SQL_MODE=@@SQL_MODE, SQL_MODE='NO_AUTO_VALUE_ON_ZERO' */;
/*!40111 SET @OLD_SQL_NOTES=@@SQL_NOTES, SQL_NOTES=0 */;
SET @MYSQLDUMP_TEMP_LOG_BIN = @@SESSION.SQL_LOG_BIN;
SET @@SESSION.SQL_LOG_BIN= 0;

--
-- GTID state at the beginning of the backup 
--

SET @@GLOBAL.GTID_PURGED=/*!80000 '+'*/ 'fcb4ad4f-66ef-11f1-8140-bac0b74084f8:1-544';
mysqldump: Error: 'Access denied; you need (at least one of) the PROCESS privilege(s) for this operation' when trying t
o dump tablespaces

--
-- Table structure for table `TB_CODE`
--

DROP TABLE IF EXISTS `TB_CODE`;
/*!40101 SET @saved_cs_client     = @@character_set_client */;
/*!50503 SET character_set_client = utf8mb4 */;
CREATE TABLE `TB_CODE` (
  `CODE_SEQ` bigint NOT NULL AUTO_INCREMENT,
  `CODE_CD` varchar(20) NOT NULL,
  `CODE_NM` varchar(200) NOT NULL,
  `CODE_SORT` bigint NOT NULL,
  `CODE_SE_CD` varchar(20) NOT NULL DEFAULT '01',
  `UP_CODE_CD` varchar(20) DEFAULT NULL,
  `UP_CODE_SEQ` bigint DEFAULT NULL,
  `SITE_CD` varchar(20) NOT NULL DEFAULT 'CM',
  `USE_YN` varchar(1) NOT NULL,
  `REG_DT` datetime NOT NULL,
  `REGR_SN` varchar(20) NOT NULL,
  `UPDT_DT` datetime NOT NULL,
  `UPDR_SN` varchar(20) NOT NULL,
  `DEL_YN` varchar(1) NOT NULL DEFAULT 'N',
  `DEL_DT` datetime DEFAULT NULL,
  `DELR_SN` varchar(20) DEFAULT NULL,
  `FILTER_STR` varchar(100) DEFAULT NULL,
  `CODE_VIEW_NM` varchar(200) NOT NULL,
  PRIMARY KEY (`CODE_SEQ`),
  UNIQUE KEY `PK_TB_CODE` (`CODE_SEQ`),
  KEY `IDX_TB_CODE_01` (`CODE_CD`,`UP_CODE_CD`)
) ENGINE=InnoDB DEFAULT CHARSET=utf8mb4 COLLATE=utf8mb4_0900_ai_ci;
/*!40101 SET character_set_client = @saved_cs_client */;

--
-- Dumping data for table `TB_CODE`
--

LOCK TABLES `TB_CODE` WRITE;
/*!40000 ALTER TABLE `TB_CODE` DISABLE KEYS */;
/*!40000 ALTER TABLE `TB_CODE` ENABLE KEYS */;
UNLOCK TABLES;

--
-- Table structure for table `TB_EVENT_ITEM`
--

DROP TABLE IF EXISTS `TB_EVENT_ITEM`;
/*!40101 SET @saved_cs_client     = @@character_set_client */;
/*!50503 SET character_set_client = utf8mb4 */;
CREATE TABLE `TB_EVENT_ITEM` (
  `EVENT_ITEM_SEQ` int NOT NULL AUTO_INCREMENT COMMENT '이벤트상품SEQ',
  `SALES_EVENT_SEQ` int NOT NULL COMMENT '판매이벤트SEQ',
  `ITEM_CD` varchar(20) COLLATE utf8mb4_unicode_ci NOT NULL COMMENT '상품코드',
  `INQNTY` int NOT NULL DEFAULT '0' COMMENT '입고수량',
  `SELL_PRICE` int DEFAULT NULL COMMENT '이벤트판매가',
  `USE_YN` char(1) COLLATE utf8mb4_unicode_ci NOT NULL DEFAULT 'Y' COMMENT '사용여부',
  `REG_DT` datetime NOT NULL DEFAULT CURRENT_TIMESTAMP COMMENT '등록일시',
  `UPDT_DT` datetime DEFAULT NULL COMMENT '수정일시',
  `REGR_SEQ` int DEFAULT NULL COMMENT '등록자SEQ',
  `UPDR_SEQ` int DEFAULT NULL COMMENT '수정자SEQ',
  PRIMARY KEY (`EVENT_ITEM_SEQ`),
  UNIQUE KEY `UNQ_TB_EVENT_ITEM` (`SALES_EVENT_SEQ`,`ITEM_CD`),
  KEY `IDX_TB_EVENT_ITEM_EVENT` (`SALES_EVENT_SEQ`),
  KEY `IDX_TB_EVENT_ITEM_ITEM` (`ITEM_CD`)
) ENGINE=InnoDB DEFAULT CHARSET=utf8mb4 COLLATE=utf8mb4_unicode_ci COMMENT='이벤트별 판매 상품';
/*!40101 SET character_set_client = @saved_cs_client */;

--
-- Dumping data for table `TB_EVENT_ITEM`
--

LOCK TABLES `TB_EVENT_ITEM` WRITE;
/*!40000 ALTER TABLE `TB_EVENT_ITEM` DISABLE KEYS */;
/*!40000 ALTER TABLE `TB_EVENT_ITEM` ENABLE KEYS */;
UNLOCK TABLES;

--
-- Table structure for table `TB_EXCEL`
--

DROP TABLE IF EXISTS `TB_EXCEL`;
/*!40101 SET @saved_cs_client     = @@character_set_client */;
/*!50503 SET character_set_client = utf8mb4 */;
CREATE TABLE `TB_EXCEL` (
  `EXL_SEQ` bigint NOT NULL AUTO_INCREMENT,
  `TASK_SE_CD` varchar(20) DEFAULT NULL,
  `TASK_YM` varchar(6) DEFAULT NULL,
  `TITLE` varchar(200) DEFAULT NULL,
  `DISABL_SE_CD` varchar(20) DEFAULT NULL,
  `RACER_CNT` bigint DEFAULT NULL,
  `LADR_CNT` bigint DEFAULT NULL,
  `DPCN_EXCL_CNT` bigint DEFAULT NULL,
  `FILE_PATH` varchar(200) DEFAULT NULL,
  `FILE_VIEW_NM` varchar(200) DEFAULT NULL,
  `FILE_REAL_NM` varchar(100) DEFAULT NULL,
  `DPCN_EXCL_ROW` varchar(2000) DEFAULT NULL,
  `DEL_EXL_ROW` varchar(2000) DEFAULT NULL,
  `DEL_EXL_ROW_CNT` bigint DEFAULT NULL,
  `REG_DT` datetime NOT NULL,
  `REGR_SN` varchar(20) NOT NULL,
  `REG_IP` varchar(20) DEFAULT NULL,
  `EXL_TOT_CNT` bigint DEFAULT NULL,
  `BIZ_YEAR` varchar(4) DEFAULT NULL,
  `SD_CD` varchar(20) DEFAULT NULL,
  `EXL_TASK_SE_CD` varchar(20) DEFAULT NULL,
  `HFYR_CD` varchar(20) DEFAULT NULL,
  PRIMARY KEY (`EXL_SEQ`),
  UNIQUE KEY `PK_TB_EXCEL` (`EXL_SEQ`)
) ENGINE=InnoDB DEFAULT CHARSET=utf8mb4 COLLATE=utf8mb4_0900_ai_ci;
/*!40101 SET character_set_client = @saved_cs_client */;

--
-- Dumping data for table `TB_EXCEL`
--

LOCK TABLES `TB_EXCEL` WRITE;
/*!40000 ALTER TABLE `TB_EXCEL` DISABLE KEYS */;
/*!40000 ALTER TABLE `TB_EXCEL` ENABLE KEYS */;
UNLOCK TABLES;

--
-- Table structure for table `TB_EXPENSE`
--

DROP TABLE IF EXISTS `TB_EXPENSE`;
/*!40101 SET @saved_cs_client     = @@character_set_client */;
/*!50503 SET character_set_client = utf8mb4 */;
CREATE TABLE `TB_EXPENSE` (
  `EXPNS_SEQ` int NOT NULL AUTO_INCREMENT COMMENT '고유값',
  `PMT_YMD` varchar(10) CHARACTER SET utf8mb4 COLLATE utf8mb4_unicode_ci DEFAULT NULL COMMENT '지급일자',
  `PMT_SE_CD` varchar(200) CHARACTER SET utf8mb4 COLLATE utf8mb4_unicode_ci DEFAULT NULL COMMENT '지급구분',
  `PMT_PLACE` varchar(1000) CHARACTER SET utf8mb4 COLLATE utf8mb4_unicode_ci DEFAULT NULL COMMENT '지급처',
  `PMT_USE` varchar(1000) CHARACTER SET utf8mb4 COLLATE utf8mb4_unicode_ci DEFAULT NULL COMMENT '지급용도',
  `PMT_AMT` int DEFAULT NULL COMMENT '지급금액',
  `PMT_REGR` varchar(100) CHARACTER SET utf8mb4 COLLATE utf8mb4_unicode_ci DEFAULT NULL COMMENT '결제자',
  `RMK` varchar(500) CHARACTER SET utf8mb4 COLLATE utf8mb4_unicode_ci DEFAULT NULL COMMENT '비고',
  PRIMARY KEY (`EXPNS_SEQ`)
) ENGINE=InnoDB AUTO_INCREMENT=337 DEFAULT CHARSET=utf8mb4 COLLATE=utf8mb4_unicode_ci COMMENT='비용';
/*!40101 SET character_set_client = @saved_cs_client */;

--
-- Dumping data for table `TB_EXPENSE`
--

LOCK TABLES `TB_EXPENSE` WRITE;
/*!40000 ALTER TABLE `TB_EXPENSE` DISABLE KEYS */;
INSERT INTO `TB_EXPENSE` VALUES (177,'2025-06-17','기타','SKT','투넘버',8800,'정연지',''),(178,'2025-06-18','기타','성원애드피아','스티커인쇄',131340,'정연지','정산 완료'),(179,'2025-06-19','매입','복만유통','건어물',1133300,'계좌이체',''),(180,'2025-06-20','기타','우정사업본부','스티커택배',10000,'체크카드',''),(181,'2025-06-20','기타','서울판지','스티커',2200,'체크카드',''),(182,'2025-06-20','기타','다이소','시식용기',8000,'체크카드',''),(183,'2025-06-20','기타','신신엠엔씨','카드단말기',54500,'강혜진','정산 완료'),(184,'2025-06-23','기타','쿠팡','POP꽃이',14160,'강혜진','정산 완료'),(185,'2025-06-23','기타','쿠팡','POP블랙보드',19800,'강혜진','정산 완료'),(186,'2025-06-24','기타','잔돈','거스름돈',370000,'','출금'),(187,'2025-06-25','매입','바란푸드','건어물',1500000,'계좌이체',''),(188,'2025-06-25','기타','쿠팡','비닐(대)',9900,'강혜진','정산 완료'),(189,'2025-06-26','매입','바란푸드','건어물',77900,'계좌이체',''),(190,'2025-06-30','기타','주식회사비지','택배_고객,바란',12900,'체크카드',''),(191,'2025-06-30','기타','주식회사아성','다이소_집기',17000,'체크카드',''),(192,'2025-06-30','기타','(주)신세계프라','무인양품_바구니',9800,'체크카드',''),(193,'2025-07-01','기타','김경일','등신대',30000,'계좌이체',''),(194,'2025-07-02','택배비','우정사업본부우체국','택배_고객',4500,'체크카드',''),(195,'2025-07-02','기타','김예린','매대커버구입',70000,'계좌이체',''),(196,'2025-07-06','기타','성원애드피아','스티커',16800,'계좌이체',''),(197,'2025-07-07','기타','쿠팡','비닐(소)',6080,'강혜진',''),(198,'2025-07-07','택배비','우체국','1건픽업택배비',4500,'정연지','정산 완료'),(199,'2025-07-09','매입','복만유통','건어물',624000,'계좌이체',''),(200,'2025-07-10','매입','복만유통','건어물',389000,'계좌이체',''),(201,'2025-07-14','매입','바란푸드','건어물(페스츄리100)',280297,'계좌이체',''),(202,'2025-07-15','매입','복만유통','건어물',981900,'계좌이체',''),(203,'2025-07-21','기타','진원','건어물(시식용)',250000,'계좌이체',''),(204,'2025-07-23','매입','바란푸드','건어물',2164020,'계좌이체',''),(205,'2025-07-23','매입','복만유통','건어물',431500,'계좌이체',''),(206,'2025-07-23','매입','바란푸드','건어물',319110,'계좌이체',''),(207,'2025-07-24','매입','바란푸드','건어물(고속버스건)',444040,'계좌이체',''),(208,'2025-07-24','기타','베스트엔프라임','명함',22000,'계좌이체',''),(209,'2025-07-24','택배비','우체국','2건픽업택배비',9000,'정연지','정산 완료'),(210,'2025-07-25','택배비','우체국','1건픽업택배비',4500,'정연지','정산 완료'),(211,'2025-07-28','택배비','우체국','3건픽업택배비',13500,'정연지','정산 완료'),(212,'2025-07-28','택배비','우체국','1건픽업택배비',4500,'정연지','정산 완료'),(213,'2025-07-28','기타','새로피엔엘_방산','비닐봉투300장',27000,'정연지','정산 완료'),(214,'2025-07-30','매입','복만유통','건어물',369000,'계좌이체',''),(215,'2025-08-04','택배비','우체국','2건픽업택배비',9000,'정연지','정산 완료'),(216,'2025-08-05','택배비','우체국','2건픽업택배비',9000,'정연지','정산 완료'),(217,'2025-08-07','매입','바란푸드','건어물',156000,'계좌이체',''),(218,'2025-08-11','택배비','우체국','1건픽업택배비',4500,'정연지','정산 완료'),(219,'2025-08-12','매입','복만유통','건어물',444000,'계좌이체',''),(220,'2025-08-18','택배비','우체국','1건픽업택배비',4500,'정연지','정산 완료'),(221,'2025-08-19','매입','복만유통','건어물',330200,'계좌이체',''),(222,'2025-08-20','매대비','정동국헬리오시티','매대비',300000,'계좌이체','지니컴퍼니'),(223,'2025-08-21','택배비','우체국','1건픽업택배비',4500,'정연지','정산완료'),(224,'2025-08-21','매대비','김경호재미우선','매대비',250000,'계좌이체',''),(225,'2025-08-22','기타','김예린','용산주차비',22000,'계좌이체',''),(226,'2025-08-25','매입','바란푸드','건어물',1573970,'계좌이체',''),(227,'2025-08-26','매입','바란푸드','건어물',414920,'계좌이체',''),(228,'2025-08-27','택배비','우체국','1건픽업택배비',4500,'정연지','정산완료'),(229,'2025-08-27','택배비','우체국','2건픽업택배비',9000,'정연지','정산완료'),(230,'2025-09-01','택배비','우체국','4건픽업택배비',18000,'정연지','정산완료'),(231,'2025-09-01','기타','쿠팡','쇼핑백(5매)',9900,'계좌이체',''),(232,'2025-09-01','기타','쿠팡','하드아이스팩',49000,'계좌이체',''),(233,'2025-09-02','기타','네이버파이낸셜','비닐(500매)',40500,'체크카드',''),(234,'2025-09-02','기타','네이버파이낸셜','쇼핑백',80000,'체크카드',''),(235,'2025-09-02','매입','복만유통','건어물',726600,'계좌이체',''),(236,'2025-09-02','기타','쿠팡','카트',47220,'체크카드',''),(237,'2025-09-03','기타','성남구청','통신판매업수수료',40500,'계좌이체',''),(238,'2025-09-04','택배비','우체국','2건픽업택배비',9000,'정연지','정산완료'),(239,'2025-09-04','매대비','김경호재미우선','매대비',500000,'계좌이체',''),(240,'2025-09-05','매입','바란푸드','건어물',777300,'계좌이체',''),(241,'2025-09-05','매입','바란푸드','건어물',832939,'계좌이체',''),(242,'2025-09-05','매입','바란푸드','건어물',704752,'계좌이체',''),(243,'2025-09-05','기타','쿠팡','비닐',23120,'정연지','정산완료'),(244,'2025-09-07','기타','주차권','아이파크몰주차',22000,'현금',''),(245,'2025-09-08','택배비','우체국','1건픽업택배비',4500,'정연지','정산완료'),(246,'2025-09-09','매입','복만유통','건어물',395600,'계좌이체',''),(247,'2025-09-10','택배비','우체국','1건픽업택배비',4500,'정연지','정산완료'),(248,'2025-09-10','매대비','김경호재미우선','매대비',150000,'계좌이체',''),(249,'2025-09-11','매입','바란푸드','건어물',61010,'계좌이체','시식용'),(250,'2025-09-11','매입','바란푸드','건어물',725750,'계좌이체',''),(251,'2025-09-12','기타','주차권','아이파크몰주차',66000,'현금',''),(252,'2025-09-12','택배비','우체국','1건픽업택배비',4500,'정연지','정산완료'),(253,'2025-09-15','매입','바란푸드','20박스선수금(20%)',1284000,'계좌이체','20박스(6,420,000)'),(254,'2025-09-16','택배비','우체국','1건픽업택배비',4500,'정연지','정산완료'),(255,'2025-09-19','택배비','우체국','1건픽업택배비',4500,'정연지','정산완료'),(256,'2025-09-22','매입','복만유통','건어물',395600,'계좌이체',''),(257,'2025-09-24','기타','네이버','비닐',100500,'체크카드',''),(258,'2025-09-24','기타','성원애드피아','스티커(페스츄리)',26260,'계좌이체',''),(259,'2025-09-24','기타','네이버','먹태마루',20880,'체크카드',''),(260,'2025-09-24','기타','네이버','황토마을_튀김쥐포',21400,'체크카드',''),(261,'2025-09-26','매입','복만유통','건어물',1928300,'계좌이체',''),(262,'2025-09-26','매입','복만유통','건어물',498000,'계좌이체','버터스틱'),(263,'2025-09-29','기타','쿠팡','라벨지,시식봉투',19090,'체크카드',''),(264,'2025-09-29','기타','성원애드피아','스티커(장족)',26260,'계좌이체',''),(265,'2025-09-30','매입','황토식품','어포튀김(132봉)',333960,'계좌이체',''),(266,'2025-09-30','매입','염혜주(다존)','먹태(240봉)',720000,'계좌이체',''),(267,'2025-09-30','매입','황토식품','어포튀김',10120,'계좌이체',''),(268,'2025-10-01','매대비','김경호재미우선','매대비',500000,'계좌이체',''),(269,'2025-10-01','매입','바란푸드','건어물',2590190,'계좌이체',''),(270,'2025-10-01','매입','바란푸드','건어물',2405065,'계좌이체',''),(271,'2025-10-02','매대비','김경호재미우선','매대비',300000,'계좌이체',''),(272,'2025-10-02','기타','김예림','매대천',70000,'계좌이체',''),(273,'2025-10-02','기타','베스트엔터프라이스','안내지인쇄',69000,'정연지','정산완료'),(274,'2025-10-02','기타','cj택배','어포튀각택배비',21000,'정연지','정산완료'),(275,'2025-10-08','기타','김예린','용산주차비',44000,'계좌이체',''),(276,'2025-10-15','매대비','김신(메가쇼)','킨텍스메가쇼',2860000,'계좌이체',''),(277,'2025-10-23','매입','염혜주(다존)','먹태(530봉)',2120000,'계좌이체',''),(278,'2025-10-25','기타','대한상공회의소','바코드생성',100000,'계좌이체',''),(279,'2025-10-25','기타','대한상공회의소','바코드생성',90000,'계좌이체',''),(280,'2025-10-27','매입','박명식(명식품)','어포(400봉)',1172000,'계좌이체',''),(281,'2025-10-27','기타','대한상공회의소','바코드생성',60000,'계좌이체',''),(282,'2025-10-27','기타','홍진포장','페츄오스틱봉투',43900,'계좌이체',''),(283,'2025-10-28','기타','쿠팡','바구니',54720,'계좌이체',''),(284,'2025-10-30','기타','성원애드피아','과자류스티커',146760,'계좌이체',''),(285,'2025-10-30','기타','성원애드피아','씨앗이등신대',15870,'계좌이체',''),(286,'2025-10-30','기타','성원애드피아','씨앗이등신대',7700,'계좌이체',''),(287,'2025-10-30','기타','강혜진','쿠팡이동백',6100,'계좌이체',''),(288,'2025-10-30','매입','복만유통','건어물',323000,'계좌이체',''),(289,'2025-10-31','기타','네이버','아크릴pop꽂이',37700,'정연지','정산완료'),(290,'2025-11-02','기타','쿠팡','바구니',54720,'계좌이체',''),(291,'2025-11-04','매입','복만유통','건어물',416100,'계좌이체',''),(292,'2025-11-05','매대비','김경호','매대비',400000,'계좌이체',''),(293,'2025-11-07','기타','성원애드피아','킨텍스포스터(24장)',47270,'정연지','정산완료'),(294,'2025-11-07','기타','배너다컴','전시회족자3장+S고리',150380,'정연지','정산완료'),(295,'2025-11-10','택배비','우체국','1건픽업택배비',4500,'정연지','정산완료'),(296,'2025-11-10','매입','복만유통','건어물',1625300,'계좌이체',''),(297,'2025-11-10','매입','박명식(명식품)','어포(160봉)',412000,'계좌이체',''),(298,'2025-11-10','기타','성원애드피아','테이블보드2장',86790,'정연지','정산완료'),(299,'2025-11-11','택배비','우체국','1건픽업택배비',4500,'정연지','정산완료'),(300,'2025-11-11','매입','염혜주(다존)','먹태(150봉)',600000,'계좌이체',''),(301,'2025-11-17','매입','바란푸드','건어물',1433335,'계좌이체',''),(302,'2025-11-17','매입','바란푸드','건어물',1702296,'계좌이체',''),(303,'2025-11-20','기타','박스몰(토빅스)','상자',20490,'체크카드',''),(304,'2025-11-26','기타','롯데정보통신','인증서비용',55000,'정연지','정산완료'),(305,'2025-12-08','기타','롯데정보통신','인증서비용',55000,'정연지','정산완료'),(306,'2025-12-09','기타','네이버','장족상회(치즈오징어등)',33500,'체크카드',''),(307,'2025-12-09','기타','성원애드피아','스티커',61790,'계좌이체',''),(308,'2025-12-09','기타','성원애드피아','포맥스',47700,'계좌이체',''),(309,'2025-12-09','매입','박명식(명식품)','어포(246봉,칠리83봉,시식20봉)',942500,'계좌이체',''),(310,'2025-12-09','기타','다이소','수초매트(4개)',12000,'체크카드',''),(311,'2025-12-11','매입','염혜주(다존)','먹태',2024000,'계좌이체',''),(312,'2025-12-11','매입','복만유통','건어물',491700,'계좌이체',''),(313,'2025-12-12','기타','비츠조명','라인조명(5미터)',53900,'정연지','정산완료'),(314,'2025-12-12','기타','성원애드피아','포맥스4개',40220,'정연지','정산완료'),(315,'2025-12-15','기타','쿠팡&네이버','조명및부속품',5300,'정연지','정산완료'),(316,'2025-12-18','기타','네이버','폴딩박스',65700,'체크카드',''),(317,'2025-12-16','매입','복만유통','건어물',440600,'계좌이체',''),(318,'2025-12-16','기타','롯데쇼핑','작업신청비용',1320,'정연지','정산완료'),(319,'2025-12-17','기타','우체국','2건택배비',8240,'정연지',''),(320,'2025-12-23','매입','바란푸드','건어물',200370,'계좌이체',''),(321,'2025-12-23','매입','바란푸드','건어물',1854483,'계좌이체',''),(322,'2025-12-23','매대비','김경호','매대비',900000,'계좌이체',''),(323,'2025-12-24','기타','우체국','3건택배비',13500,'정연지','정산완료'),(324,'2025-12-24','기타','우체국','1건택배비',3880,'정연지','정산완료'),(325,'2025-12-26','매입','바란푸드','건어물',1088130,'계좌이체',''),(326,'2025-12-26','매입','바란푸드','건어물',222000,'계좌이체','오뻥'),(327,'2025-12-26','매입','바란푸드','건어물',123240,'계좌이체','시식용'),(328,'2025-12-26','매입','복만유통','건어물',491500,'계좌이체',''),(329,'2025-12-29','매입','박명식(명식품)','어포',702000,'계좌이체',''),(330,'2025-12-29','기타','성원애드피아','포맥스4개',84920,'정연지','정산완료'),(331,'2025-12-29','매입','박명식(명식품)','어포',777500,'계좌이체',''),(332,'2025-12-29','매입','바란푸드','건어물',1637060,'계좌이체',''),(333,'2025-12-29','매입','바란푸드','건어물',1637060,'계좌이체',''),(334,'2025-12-29','매입','염혜주(다존)','먹태',760000,'계좌이체',''),(335,'2025-12-30','매입','복만유통','건어물',476200,'계좌이체',''),(336,'2026-01-02','기타','성원애드피아','안내지',26920,'정연지','');
/*!40000 ALTER TABLE `TB_EXPENSE` ENABLE KEYS */;
UNLOCK TABLES;

--
-- Table structure for table `TB_FILE`
--

DROP TABLE IF EXISTS `TB_FILE`;
/*!40101 SET @saved_cs_client     = @@character_set_client */;
/*!50503 SET character_set_client = utf8mb4 */;
CREATE TABLE `TB_FILE` (
  `FILE_SEQ` bigint NOT NULL AUTO_INCREMENT,
  `REF_TB` varchar(30) NOT NULL,
  `REF_SN` varchar(20) NOT NULL,
  `FILE_SE_CD` varchar(20) DEFAULT NULL,
  `FILE_PATH` varchar(200) NOT NULL,
  `FILE_ORGIN_NM` varchar(100) NOT NULL,
  `FILE_REAL_NM` varchar(100) NOT NULL,
  `FILE_REAL_RESIZE_NM` varchar(100) DEFAULT NULL,
  `REG_DT` datetime NOT NULL,
  `REGR_SN` varchar(20) NOT NULL,
  `DEL_YN` varchar(1) NOT NULL DEFAULT 'N',
  `DEL_DT` datetime DEFAULT NULL,
  `DELR_SN` varchar(20) DEFAULT NULL,
  `RMK` varchar(1000) DEFAULT NULL,
  `TASK_DCMT_SN` varchar(20) DEFAULT NULL,
  `UPDT_DT` datetime DEFAULT NULL,
  `UPDR_SN` varchar(20) DEFAULT NULL,
  PRIMARY KEY (`FILE_SEQ`),
  UNIQUE KEY `PK_TB_FILE` (`FILE_SEQ`)
) ENGINE=InnoDB DEFAULT CHARSET=utf8mb4 COLLATE=utf8mb4_0900_ai_ci;
/*!40101 SET character_set_client = @saved_cs_client */;

--
-- Dumping data for table `TB_FILE`
--

LOCK TABLES `TB_FILE` WRITE;
/*!40000 ALTER TABLE `TB_FILE` DISABLE KEYS */;
/*!40000 ALTER TABLE `TB_FILE` ENABLE KEYS */;
UNLOCK TABLES;

--
-- Table structure for table `TB_INBOUND`
--

DROP TABLE IF EXISTS `TB_INBOUND`;
/*!40101 SET @saved_cs_client     = @@character_set_client */;
/*!50503 SET character_set_client = utf8mb4 */;
CREATE TABLE `TB_INBOUND` (
  `INBOUND_SEQ` int NOT NULL AUTO_INCREMENT COMMENT '입고SEQ',
  `INBOUND_YMD` varchar(8) COLLATE utf8mb4_unicode_ci NOT NULL COMMENT '입고일자',
  `VENDOR_SEQ` int NOT NULL COMMENT '거래처SEQ',
  `ITEM_CD` varchar(20) COLLATE utf8mb4_unicode_ci NOT NULL COMMENT '상품코드',
  `INBOUND_QNTY` int NOT NULL DEFAULT '0' COMMENT '입고수량',
  `SALES_EVENT_SEQ` int DEFAULT NULL COMMENT '판매이벤트SEQ',
  `UNIT_PRICE` int DEFAULT NULL COMMENT '입고단가',
  `REMARK` varchar(200) COLLATE utf8mb4_unicode_ci DEFAULT NULL COMMENT '비고',
  `REG_DT` datetime NOT NULL DEFAULT CURRENT_TIMESTAMP COMMENT '등록일시',
  `UPDT_DT` datetime DEFAULT NULL COMMENT '수정일시',
  `REGR_SEQ` int DEFAULT NULL COMMENT '등록자SEQ',
  `UPDR_SEQ` int DEFAULT NULL COMMENT '수정자SEQ',
  PRIMARY KEY (`INBOUND_SEQ`),
  KEY `IDX_TB_INBOUND_YMD` (`INBOUND_YMD`),
  KEY `IDX_TB_INBOUND_VENDOR` (`VENDOR_SEQ`),
  KEY `IDX_TB_INBOUND_ITEM` (`ITEM_CD`),
  KEY `IDX_TB_INBOUND_EVENT` (`SALES_EVENT_SEQ`)
) ENGINE=InnoDB DEFAULT CHARSET=utf8mb4 COLLATE=utf8mb4_unicode_ci COMMENT='입고';
/*!40101 SET character_set_client = @saved_cs_client */;

--
-- Dumping data for table `TB_INBOUND`
--

LOCK TABLES `TB_INBOUND` WRITE;
/*!40000 ALTER TABLE `TB_INBOUND` DISABLE KEYS */;
/*!40000 ALTER TABLE `TB_INBOUND` ENABLE KEYS */;
UNLOCK TABLES;

--
-- Table structure for table `TB_INVENTORY`
--

DROP TABLE IF EXISTS `TB_INVENTORY`;
/*!40101 SET @saved_cs_client     = @@character_set_client */;
/*!50503 SET character_set_client = utf8mb4 */;
CREATE TABLE `TB_INVENTORY` (
  `IVTY_SEQ` int NOT NULL
) ENGINE=InnoDB DEFAULT CHARSET=utf8mb4 COLLATE=utf8mb4_unicode_ci;
/*!40101 SET character_set_client = @saved_cs_client */;

--
-- Dumping data for table `TB_INVENTORY`
--

LOCK TABLES `TB_INVENTORY` WRITE;
/*!40000 ALTER TABLE `TB_INVENTORY` DISABLE KEYS */;
/*!40000 ALTER TABLE `TB_INVENTORY` ENABLE KEYS */;
UNLOCK TABLES;

--
-- Table structure for table `TB_ITEM`
--

DROP TABLE IF EXISTS `TB_ITEM`;
/*!40101 SET @saved_cs_client     = @@character_set_client */;
/*!50503 SET character_set_client = utf8mb4 */;
CREATE TABLE `TB_ITEM` (
  `ITEM_CD` varchar(100) CHARACTER SET utf8mb4 COLLATE utf8mb4_unicode_ci NOT NULL,
  `ITEM_NM` varchar(100) CHARACTER SET utf8mb4 COLLATE utf8mb4_unicode_ci NOT NULL,
  `ITEM_QNTY` int DEFAULT '0',
  `REG_DT` timestamp NULL DEFAULT CURRENT_TIMESTAMP,
  `ITEM_SE_CD` varchar(100) CHARACTER SET utf8mb4 COLLATE utf8mb4_unicode_ci DEFAULT NULL COMMENT '아이템구분코드(01:건어물)',
  `ITEM_CATE_CD` varchar(100) CHARACTER SET utf8mb4 COLLATE utf8mb4_unicode_ci DEFAULT NULL COMMENT '아이템카테고리코드(01:판매용,99:시식용)',
  `UNIT_PRICE` int DEFAULT NULL COMMENT '단가',
  `SELL_PRICE` int DEFAULT NULL COMMENT '판매가',
  `UNIT_PRICE_NET` int DEFAULT NULL COMMENT '단가_공급가',
  `UNIT_PRICE_VAT` int DEFAULT NULL COMMENT '단가_부가세',
  `SELL_PRICE_NET` int DEFAULT NULL COMMENT '판매가_공급가',
  `SELL_PRICE_VAT` int DEFAULT NULL COMMENT '판매가_부가세',
  PRIMARY KEY (`ITEM_CD`)
) ENGINE=InnoDB DEFAULT CHARSET=utf8mb4 COLLATE=utf8mb4_unicode_ci;
/*!40101 SET character_set_client = @saved_cs_client */;

--
-- Dumping data for table `TB_ITEM`
--

LOCK TABLES `TB_ITEM` WRITE;
/*!40000 ALTER TABLE `TB_ITEM` DISABLE KEYS */;
INSERT INTO `TB_ITEM` VALUES ('1001','페스츄리오징어',0,'2026-01-04 12:43:02',NULL,NULL,5643,13000,5130,513,11818,1182),('1002','맥반석오징어채',0,'2026-01-04 12:43:03',NULL,NULL,5623,12000,5112,511,10909,1091),('1003','구운아귀채',3,'2026-01-04 12:43:04',NULL,NULL,5643,12000,5130,513,10909,1091),('1004','숏다리',4,'2026-01-04 12:43:05',NULL,NULL,6050,12000,5500,550,10909,1091),('1005','쥐포',5,'2026-01-04 12:43:06',NULL,NULL,4950,11000,4500,450,10000,1000),('1006','빼빼로오징어',1,'2026-01-04 12:43:06',NULL,NULL,6270,12000,5700,570,10909,1091),('1007','장족',4,'2026-01-04 12:43:07',NULL,NULL,5720,12000,5200,520,10909,1091),('1008','아귀포스틱',8,'2026-01-04 12:43:09',NULL,NULL,5720,12000,5200,520,10909,1091),('1009','페스츄리스틱(버)',9,'2026-01-04 12:43:09',NULL,NULL,1100,7000,1000,100,6364,636),('1010','먹태(버)',10,'2026-01-04 12:43:10',NULL,NULL,4400,10000,4000,400,9091,909),('1011','먹태(간)',11,'2026-01-04 12:43:11',NULL,NULL,4400,10000,4000,400,9091,909),('1012','먹태(매)',12,'2026-01-04 12:43:12',NULL,NULL,4400,10000,4000,400,9091,909),('1013','어포튀각(오)',13,'2026-01-04 12:43:13',NULL,NULL,2750,7000,2500,250,6364,636),('1014','어포튀각(핫)',12,'2026-01-04 12:43:14',NULL,NULL,2750,7000,2500,250,6364,636),('1015','오징어뻥튀기',15,'2026-01-04 12:43:15',NULL,NULL,4400,10000,4000,400,9091,909),('1016','몸통',16,'2026-01-13 19:53:57',NULL,NULL,0,0,0,0,0,0),('1017','장족(복만)',17,'2026-01-13 19:53:57',NULL,NULL,0,0,0,0,0,0),('1018','숯불구이오징어',18,'2026-01-13 19:53:57',NULL,NULL,0,0,0,0,0,0);
/*!40000 ALTER TABLE `TB_ITEM` ENABLE KEYS */;
UNLOCK TABLES;

--
-- Table structure for table `TB_MENU`
--

DROP TABLE IF EXISTS `TB_MENU`;
/*!40101 SET @saved_cs_client     = @@character_set_client */;
/*!50503 SET character_set_client = utf8mb4 */;
CREATE TABLE `TB_MENU` (
  `MENU_SEQ` bigint NOT NULL AUTO_INCREMENT,
  `MENU_NM` varchar(100) DEFAULT NULL,
  `MENU_LAYOUT` varchar(50) DEFAULT NULL,
  `MENU_SORT` bigint DEFAULT NULL,
  `MENU_TYPE` varchar(20) DEFAULT NULL,
  `MENU_SE_CD` varchar(20) DEFAULT NULL,
  `MENU_URL` varchar(1000) DEFAULT NULL,
  `MENU_LINK_TGT` varchar(20) DEFAULT NULL,
  `UP_MENU_SEQ` bigint DEFAULT NULL,
  `USE_YN` varchar(1) DEFAULT NULL,
  `SITE_CD` varchar(20) DEFAULT NULL,
  `REG_DT` datetime NOT NULL,
  `REGR_SN` varchar(20) NOT NULL,
  `UPDT_DT` datetime NOT NULL,
  `UPDR_SN` varchar(20) NOT NULL,
  `DEL_YN` varchar(1) NOT NULL DEFAULT 'N',
  `DEL_DT` datetime DEFAULT NULL,
  `DELR_SN` varchar(20) DEFAULT NULL,
  PRIMARY KEY (`MENU_SEQ`)
) ENGINE=InnoDB DEFAULT CHARSET=utf8mb4 COLLATE=utf8mb4_0900_ai_ci;
/*!40101 SET character_set_client = @saved_cs_client */;

--
-- Dumping data for table `TB_MENU`
--

LOCK TABLES `TB_MENU` WRITE;
/*!40000 ALTER TABLE `TB_MENU` DISABLE KEYS */;
/*!40000 ALTER TABLE `TB_MENU` ENABLE KEYS */;
UNLOCK TABLES;

--
-- Table structure for table `TB_SALES`
--

DROP TABLE IF EXISTS `TB_SALES`;
/*!40101 SET @saved_cs_client     = @@character_set_client */;
/*!50503 SET character_set_client = utf8mb4 */;
CREATE TABLE `TB_SALES` (
  `SALES_SEQ` int NOT NULL AUTO_INCREMENT,
  `SALES_YMD` varchar(8) CHARACTER SET utf8mb4 COLLATE utf8mb4_unicode_ci NOT NULL,
  `ITEM_CD` varchar(100) CHARACTER SET utf8mb4 COLLATE utf8mb4_unicode_ci NOT NULL,
  `SALES_QNTY` int NOT NULL,
  `REG_DT` timestamp NULL DEFAULT CURRENT_TIMESTAMP,
  `UPDT_DT` timestamp NULL DEFAULT CURRENT_TIMESTAMP ON UPDATE CURRENT_TIMESTAMP,
  `REGR_SEQ` int DEFAULT NULL,
  `UPDR_SEQ` int DEFAULT NULL COMMENT '수정자순번',
  `ORDER_SE_CD` varchar(100) CHARACTER SET utf8mb4 COLLATE utf8mb4_unicode_ci DEFAULT NULL COMMENT '주문구분코드(F:플리마켓,D:당근,I:인스타)',
  `SALES_SE_CD` varchar(100) CHARACTER SET utf8mb4 COLLATE utf8mb4_unicode_ci DEFAULT NULL COMMENT '판매구분코드(N:정가,D:할인,C:원가)',
  `SALES_PRICE` int DEFAULT NULL COMMENT '판매가격',
  `SALES_PLACE_SE_CD` varchar(100) CHARACTER SET utf8mb4 COLLATE utf8mb4_unicode_ci DEFAULT NULL COMMENT '판매장소코드',
  `SALES_EVENT_SEQ` int DEFAULT NULL COMMENT '판매이벤트고유값',
  `SVC_YN` char(1) COLLATE utf8mb4_unicode_ci NOT NULL DEFAULT 'N' COMMENT '서비스제공여부',
  PRIMARY KEY (`SALES_SEQ`)
) ENGINE=InnoDB AUTO_INCREMENT=2506 DEFAULT CHARSET=utf8mb4 COLLATE=utf8mb4_unicode_ci;
/*!40101 SET character_set_client = @saved_cs_client */;

--
-- Dumping data for table `TB_SALES`
--

LOCK TABLES `TB_SALES` WRITE;
/*!40000 ALTER TABLE `TB_SALES` DISABLE KEYS */;
INSERT INTO `TB_SALES` VALUES (1302,'20250627','1001',17,'2026-01-04 14:58:28','2026-01-04 22:44:55',NULL,NULL,NULL,NULL,NULL,NULL,1,'N'),(1303,'20250628','1001',13,'2026-01-04 14:58:28','2026-01-04 22:44:55',NULL,NULL,NULL,NULL,NULL,NULL,1,'N'),(1304,'20250629','1001',15,'2026-01-04 14:58:29','2026-01-04 22:44:55',NULL,NULL,NULL,NULL,NULL,NULL,1,'N'),(1305,'20250704','1001',17,'2026-01-04 14:58:29','2026-01-04 22:44:55',NULL,NULL,NULL,NULL,NULL,NULL,2,'N'),(1306,'20250705','1001',42,'2026-01-04 14:58:29','2026-01-04 22:44:55',NULL,NULL,NULL,NULL,NULL,NULL,2,'N'),(1307,'20250706','1001',8,'2026-01-04 14:58:29','2026-01-04 22:44:55',NULL,NULL,NULL,NULL,NULL,NULL,2,'N'),(1308,'20250707','1001',0,'2026-01-04 14:58:29','2026-01-04 22:44:55',NULL,NULL,NULL,NULL,NULL,NULL,2,'N'),(1309,'20250708','1001',13,'2026-01-04 14:58:29','2026-01-04 22:44:55',NULL,NULL,NULL,NULL,NULL,NULL,2,'N'),(1310,'20250709','1001',26,'2026-01-04 14:58:29','2026-01-04 22:44:55',NULL,NULL,NULL,NULL,NULL,NULL,2,'N'),(1311,'20250710','1001',11,'2026-01-04 14:58:29','2026-01-04 22:44:55',NULL,NULL,NULL,NULL,NULL,NULL,2,'N'),(1312,'20250711','1001',29,'2026-01-04 14:58:29','2026-01-04 22:44:55',NULL,NULL,NULL,NULL,NULL,NULL,2,'N'),(1313,'20250712','1001',70,'2026-01-04 14:58:29','2026-01-04 22:44:55',NULL,NULL,NULL,NULL,NULL,NULL,2,'N'),(1314,'20250713','1001',33,'2026-01-04 14:58:29','2026-01-04 22:44:55',NULL,NULL,NULL,NULL,NULL,NULL,2,'N'),(1315,'20250718','1001',33,'2026-01-04 14:58:29','2026-01-04 22:44:55',NULL,NULL,NULL,NULL,NULL,NULL,3,'N'),(1316,'20250719','1001',74,'2026-01-04 14:58:29','2026-01-04 22:44:55',NULL,NULL,NULL,NULL,NULL,NULL,3,'N'),(1317,'20250720','1001',73,'2026-01-04 14:58:29','2026-01-04 22:44:55',NULL,NULL,NULL,NULL,NULL,NULL,3,'N'),(1318,'20250822','1001',37,'2026-01-04 14:58:29','2026-01-04 22:44:55',NULL,NULL,NULL,NULL,NULL,NULL,4,'N'),(1319,'20250823','1001',90,'2026-01-04 14:58:29','2026-01-04 22:44:55',NULL,NULL,NULL,NULL,NULL,NULL,4,'N'),(1320,'20250824','1001',33,'2026-01-04 14:58:29','2026-01-04 22:44:55',NULL,NULL,NULL,NULL,NULL,NULL,4,'N'),(1321,'20250905','1001',29,'2026-01-04 14:58:29','2026-01-04 22:44:55',NULL,NULL,NULL,NULL,NULL,NULL,5,'N'),(1322,'20250907','1001',65,'2026-01-04 14:58:29','2026-01-04 22:44:55',NULL,NULL,NULL,NULL,NULL,NULL,5,'N'),(1323,'20250912','1001',11,'2026-01-04 14:58:29','2026-01-04 22:44:55',NULL,NULL,NULL,NULL,NULL,NULL,6,'N'),(1324,'20250913','1001',55,'2026-01-04 14:58:29','2026-01-04 22:44:55',NULL,NULL,NULL,NULL,NULL,NULL,6,'N'),(1325,'20250914','1001',42,'2026-01-04 14:58:29','2026-01-04 22:44:55',NULL,NULL,NULL,NULL,NULL,NULL,6,'N'),(1326,'20250920','1001',42,'2026-01-04 14:58:29','2026-01-04 22:44:55',NULL,NULL,NULL,NULL,NULL,NULL,7,'N'),(1327,'20250921','1001',53,'2026-01-04 14:58:29','2026-01-04 22:44:55',NULL,NULL,NULL,NULL,NULL,NULL,7,'N'),(1328,'20251003','1001',50,'2026-01-04 14:58:29','2026-01-04 22:44:55',NULL,NULL,NULL,NULL,NULL,NULL,8,'N'),(1329,'20251004','1001',56,'2026-01-04 14:58:29','2026-01-04 22:44:55',NULL,NULL,NULL,NULL,NULL,NULL,8,'N'),(1330,'20251005','1001',48,'2026-01-04 14:58:29','2026-01-04 22:44:55',NULL,NULL,NULL,NULL,NULL,NULL,8,'N'),(1331,'20251008','1001',53,'2026-01-04 14:58:29','2026-01-04 22:44:55',NULL,NULL,NULL,NULL,NULL,NULL,8,'N'),(1332,'20251009','1001',46,'2026-01-04 14:58:29','2026-01-04 22:44:55',NULL,NULL,NULL,NULL,NULL,NULL,8,'N'),(1333,'20251012','1001',64,'2026-01-04 14:58:29','2026-01-04 22:44:55',NULL,NULL,NULL,NULL,NULL,NULL,8,'N'),(1334,'20251107','1001',21,'2026-01-04 14:58:29','2026-01-04 22:44:55',NULL,NULL,NULL,NULL,NULL,NULL,9,'N'),(1335,'20251108','1001',43,'2026-01-04 14:58:29','2026-01-04 22:44:55',NULL,NULL,NULL,NULL,NULL,NULL,9,'N'),(1336,'20251109','1001',46,'2026-01-04 14:58:29','2026-01-04 22:44:55',NULL,NULL,NULL,NULL,NULL,NULL,9,'N'),(1337,'20251113','1001',33,'2026-01-04 14:58:29','2026-01-04 22:44:55',NULL,NULL,NULL,NULL,NULL,NULL,10,'N'),(1338,'20251114','1001',21,'2026-01-04 14:58:29','2026-01-04 22:44:55',NULL,NULL,NULL,NULL,NULL,NULL,10,'N'),(1339,'20251115','1001',50,'2026-01-04 14:58:29','2026-01-04 22:44:55',NULL,NULL,NULL,NULL,NULL,NULL,10,'N'),(1340,'20251116','1001',35,'2026-01-04 14:58:29','2026-01-04 22:44:55',NULL,NULL,NULL,NULL,NULL,NULL,10,'N'),(1341,'20251219','1001',33,'2026-01-04 14:58:29','2026-01-04 22:44:55',NULL,NULL,NULL,NULL,NULL,NULL,11,'N'),(1342,'20251220','1001',48,'2026-01-04 14:58:29','2026-01-04 22:44:55',NULL,NULL,NULL,NULL,NULL,NULL,11,'N'),(1343,'20251221','1001',37,'2026-01-04 14:58:29','2026-01-04 22:44:55',NULL,NULL,NULL,NULL,NULL,NULL,11,'N'),(1344,'20251222','1001',24,'2026-01-04 14:58:29','2026-01-04 22:44:55',NULL,NULL,NULL,NULL,NULL,NULL,11,'N'),(1345,'20251223','1001',34,'2026-01-04 14:58:29','2026-01-04 22:44:55',NULL,NULL,NULL,NULL,NULL,NULL,11,'N'),(1346,'20251224','1001',47,'2026-01-04 14:58:29','2026-01-04 22:44:55',NULL,NULL,NULL,NULL,NULL,NULL,11,'N'),(1347,'20251225','1001',37,'2026-01-04 14:58:29','2026-01-04 22:44:55',NULL,NULL,NULL,NULL,NULL,NULL,11,'N'),(1348,'20251227','1001',78,'2026-01-04 14:58:29','2026-01-04 22:44:55',NULL,NULL,NULL,NULL,NULL,NULL,12,'N'),(1349,'20251228','1001',49,'2026-01-04 14:58:29','2026-01-04 22:44:55',NULL,NULL,NULL,NULL,NULL,NULL,12,'N'),(1350,'20251229','1001',26,'2026-01-04 14:58:29','2026-01-04 22:44:55',NULL,NULL,NULL,NULL,NULL,NULL,12,'N'),(1351,'20251230','1001',29,'2026-01-04 14:58:29','2026-01-04 22:44:55',NULL,NULL,NULL,NULL,NULL,NULL,12,'N'),(1352,'20251231','1001',57,'2026-01-04 14:58:29','2026-01-04 22:44:55',NULL,NULL,NULL,NULL,NULL,NULL,12,'N'),(1353,'20260101','1001',51,'2026-01-04 14:58:29','2026-01-04 22:44:55',NULL,NULL,NULL,NULL,NULL,NULL,12,'N'),(1354,'20260102','1001',28,'2026-01-04 14:58:29','2026-01-04 22:44:55',NULL,NULL,NULL,NULL,NULL,NULL,13,'N'),(1355,'20260103','1001',31,'2026-01-04 14:58:29','2026-01-04 22:44:55',NULL,NULL,NULL,NULL,NULL,NULL,13,'N'),(1356,'20250627','1002',2,'2026-01-04 14:58:29','2026-01-04 22:44:55',NULL,NULL,NULL,NULL,NULL,NULL,1,'N'),(1357,'20250628','1002',8,'2026-01-04 14:58:29','2026-01-04 22:44:55',NULL,NULL,NULL,NULL,NULL,NULL,1,'N'),(1358,'20250629','1002',11,'2026-01-04 14:58:29','2026-01-04 22:44:55',NULL,NULL,NULL,NULL,NULL,NULL,1,'N'),(1359,'20250704','1002',1,'2026-01-04 14:58:29','2026-01-04 22:44:55',NULL,NULL,NULL,NULL,NULL,NULL,2,'N'),(1360,'20250705','1002',4,'2026-01-04 14:58:29','2026-01-04 22:44:55',NULL,NULL,NULL,NULL,NULL,NULL,2,'N'),(1361,'20250706','1002',0,'2026-01-04 14:58:29','2026-01-04 22:44:55',NULL,NULL,NULL,NULL,NULL,NULL,2,'N'),(1362,'20250707','1002',0,'2026-01-04 14:58:29','2026-01-04 22:44:55',NULL,NULL,NULL,NULL,NULL,NULL,2,'N'),(1363,'20250708','1002',0,'2026-01-04 14:58:29','2026-01-04 22:44:55',NULL,NULL,NULL,NULL,NULL,NULL,2,'N'),(1364,'20250709','1002',3,'2026-01-04 14:58:29','2026-01-04 22:44:55',NULL,NULL,NULL,NULL,NULL,NULL,2,'N'),(1365,'20250710','1002',0,'2026-01-04 14:58:29','2026-01-04 22:44:55',NULL,NULL,NULL,NULL,NULL,NULL,2,'N'),(1366,'20250711','1002',15,'2026-01-04 14:58:29','2026-01-04 22:44:55',NULL,NULL,NULL,NULL,NULL,NULL,2,'N'),(1367,'20250712','1002',8,'2026-01-04 14:58:29','2026-01-04 22:44:55',NULL,NULL,NULL,NULL,NULL,NULL,2,'N'),(1368,'20250713','1002',0,'2026-01-04 14:58:29','2026-01-04 22:44:55',NULL,NULL,NULL,NULL,NULL,NULL,2,'N'),(1369,'20250718','1002',4,'2026-01-04 14:58:29','2026-01-04 22:44:55',NULL,NULL,NULL,NULL,NULL,NULL,3,'N'),(1370,'20250719','1002',9,'2026-01-04 14:58:29','2026-01-04 22:44:55',NULL,NULL,NULL,NULL,NULL,NULL,3,'N'),(1371,'20250720','1002',8,'2026-01-04 14:58:29','2026-01-04 22:44:55',NULL,NULL,NULL,NULL,NULL,NULL,3,'N'),(1372,'20250822','1002',8,'2026-01-04 14:58:30','2026-01-04 22:44:55',NULL,NULL,NULL,NULL,NULL,NULL,4,'N'),(1373,'20250823','1002',15,'2026-01-04 14:58:30','2026-01-04 22:44:55',NULL,NULL,NULL,NULL,NULL,NULL,4,'N'),(1374,'20250824','1002',16,'2026-01-04 14:58:30','2026-01-04 22:44:55',NULL,NULL,NULL,NULL,NULL,NULL,4,'N'),(1375,'20250905','1002',0,'2026-01-04 14:58:30','2026-01-04 22:44:55',NULL,NULL,NULL,NULL,NULL,NULL,5,'N'),(1376,'20250907','1002',11,'2026-01-04 14:58:30','2026-01-04 22:44:55',NULL,NULL,NULL,NULL,NULL,NULL,5,'N'),(1377,'20250912','1002',3,'2026-01-04 14:58:30','2026-01-04 22:44:55',NULL,NULL,NULL,NULL,NULL,NULL,6,'N'),(1378,'20250913','1002',8,'2026-01-04 14:58:30','2026-01-04 22:44:55',NULL,NULL,NULL,NULL,NULL,NULL,6,'N'),(1379,'20250914','1002',6,'2026-01-04 14:58:30','2026-01-04 22:44:55',NULL,NULL,NULL,NULL,NULL,NULL,6,'N'),(1380,'20250920','1002',8,'2026-01-04 14:58:30','2026-01-04 22:44:55',NULL,NULL,NULL,NULL,NULL,NULL,7,'N'),(1381,'20250921','1002',8,'2026-01-04 14:58:30','2026-01-04 22:44:55',NULL,NULL,NULL,NULL,NULL,NULL,7,'N'),(1382,'20251003','1002',9,'2026-01-04 14:58:30','2026-01-04 22:44:55',NULL,NULL,NULL,NULL,NULL,NULL,8,'N'),(1383,'20251004','1002',19,'2026-01-04 14:58:30','2026-01-04 22:44:55',NULL,NULL,NULL,NULL,NULL,NULL,8,'N'),(1384,'20251005','1002',15,'2026-01-04 14:58:30','2026-01-04 22:44:55',NULL,NULL,NULL,NULL,NULL,NULL,8,'N'),(1385,'20251008','1002',9,'2026-01-04 14:58:30','2026-01-04 22:44:55',NULL,NULL,NULL,NULL,NULL,NULL,8,'N'),(1386,'20251009','1002',6,'2026-01-04 14:58:30','2026-01-04 22:44:55',NULL,NULL,NULL,NULL,NULL,NULL,8,'N'),(1387,'20251012','1002',9,'2026-01-04 14:58:30','2026-01-04 22:44:55',NULL,NULL,NULL,NULL,NULL,NULL,8,'N'),(1388,'20251107','1002',5,'2026-01-04 14:58:30','2026-01-04 22:44:55',NULL,NULL,NULL,NULL,NULL,NULL,9,'N'),(1389,'20251108','1002',12,'2026-01-04 14:58:30','2026-01-04 22:44:55',NULL,NULL,NULL,NULL,NULL,NULL,9,'N'),(1390,'20251109','1002',15,'2026-01-04 14:58:30','2026-01-04 22:44:55',NULL,NULL,NULL,NULL,NULL,NULL,9,'N'),(1391,'20251113','1002',12,'2026-01-04 14:58:30','2026-01-04 22:44:55',NULL,NULL,NULL,NULL,NULL,NULL,10,'N'),(1392,'20251114','1002',4,'2026-01-04 14:58:30','2026-01-04 22:44:55',NULL,NULL,NULL,NULL,NULL,NULL,10,'N'),(1393,'20251115','1002',11,'2026-01-04 14:58:30','2026-01-04 22:44:55',NULL,NULL,NULL,NULL,NULL,NULL,10,'N'),(1394,'20251116','1002',8,'2026-01-04 14:58:30','2026-01-04 22:44:55',NULL,NULL,NULL,NULL,NULL,NULL,10,'N'),(1395,'20251219','1002',15,'2026-01-04 14:58:30','2026-01-04 22:44:55',NULL,NULL,NULL,NULL,NULL,NULL,11,'N'),(1396,'20251220','1002',16,'2026-01-04 14:58:30','2026-01-04 22:44:55',NULL,NULL,NULL,NULL,NULL,NULL,11,'N'),(1397,'20251221','1002',17,'2026-01-04 14:58:30','2026-01-04 22:44:55',NULL,NULL,NULL,NULL,NULL,NULL,11,'N'),(1398,'20251222','1002',12,'2026-01-04 14:58:30','2026-01-04 22:44:55',NULL,NULL,NULL,NULL,NULL,NULL,11,'N'),(1399,'20251223','1002',16,'2026-01-04 14:58:30','2026-01-04 22:44:55',NULL,NULL,NULL,NULL,NULL,NULL,11,'N'),(1400,'20251224','1002',18,'2026-01-04 14:58:30','2026-01-04 22:44:55',NULL,NULL,NULL,NULL,NULL,NULL,11,'N'),(1401,'20251225','1002',17,'2026-01-04 14:58:30','2026-01-04 22:44:55',NULL,NULL,NULL,NULL,NULL,NULL,11,'N'),(1402,'20251227','1002',23,'2026-01-04 14:58:30','2026-01-04 22:44:55',NULL,NULL,NULL,NULL,NULL,NULL,12,'N'),(1403,'20251228','1002',0,'2026-01-04 14:58:30','2026-01-04 22:44:55',NULL,NULL,NULL,NULL,NULL,NULL,12,'N'),(1404,'20251229','1002',0,'2026-01-04 14:58:30','2026-01-04 22:44:55',NULL,NULL,NULL,NULL,NULL,NULL,12,'N'),(1405,'20251230','1002',10,'2026-01-04 14:58:30','2026-01-04 22:44:55',NULL,NULL,NULL,NULL,NULL,NULL,12,'N'),(1406,'20251231','1002',8,'2026-01-04 14:58:30','2026-01-04 22:44:55',NULL,NULL,NULL,NULL,NULL,NULL,12,'N'),(1407,'20260101','1002',11,'2026-01-04 14:58:30','2026-01-04 22:44:55',NULL,NULL,NULL,NULL,NULL,NULL,12,'N'),(1408,'20260102','1002',7,'2026-01-04 14:58:30','2026-01-04 22:44:55',NULL,NULL,NULL,NULL,NULL,NULL,13,'N'),(1409,'20260103','1002',15,'2026-01-04 14:58:30','2026-01-04 22:44:55',NULL,NULL,NULL,NULL,NULL,NULL,13,'N'),(1410,'20250627','1003',2,'2026-01-04 14:58:30','2026-01-04 22:44:55',NULL,NULL,NULL,NULL,NULL,NULL,1,'N'),(1411,'20250628','1003',8,'2026-01-04 14:58:30','2026-01-04 22:44:55',NULL,NULL,NULL,NULL,NULL,NULL,1,'N'),(1412,'20250629','1003',2,'2026-01-04 14:58:30','2026-01-04 22:44:55',NULL,NULL,NULL,NULL,NULL,NULL,1,'N'),(1413,'20250704','1003',6,'2026-01-04 14:58:30','2026-01-04 22:44:55',NULL,NULL,NULL,NULL,NULL,NULL,2,'N'),(1414,'20250705','1003',11,'2026-01-04 14:58:30','2026-01-04 22:44:55',NULL,NULL,NULL,NULL,NULL,NULL,2,'N'),(1415,'20250706','1003',1,'2026-01-04 14:58:30','2026-01-04 22:44:55',NULL,NULL,NULL,NULL,NULL,NULL,2,'N'),(1416,'20250707','1003',1,'2026-01-04 14:58:30','2026-01-04 22:44:55',NULL,NULL,NULL,NULL,NULL,NULL,2,'N'),(1417,'20250708','1003',4,'2026-01-04 14:58:30','2026-01-04 22:44:55',NULL,NULL,NULL,NULL,NULL,NULL,2,'N'),(1418,'20250709','1003',4,'2026-01-04 14:58:30','2026-01-04 22:44:55',NULL,NULL,NULL,NULL,NULL,NULL,2,'N'),(1419,'20250710','1003',5,'2026-01-04 14:58:30','2026-01-04 22:44:55',NULL,NULL,NULL,NULL,NULL,NULL,2,'N'),(1420,'20250711','1003',7,'2026-01-04 14:58:30','2026-01-04 22:44:55',NULL,NULL,NULL,NULL,NULL,NULL,2,'N'),(1421,'20250712','1003',9,'2026-01-04 14:58:30','2026-01-04 22:44:55',NULL,NULL,NULL,NULL,NULL,NULL,2,'N'),(1422,'20250713','1003',4,'2026-01-04 14:58:30','2026-01-04 22:44:55',NULL,NULL,NULL,NULL,NULL,NULL,2,'N'),(1423,'20250718','1003',9,'2026-01-04 14:58:30','2026-01-04 22:44:55',NULL,NULL,NULL,NULL,NULL,NULL,3,'N'),(1424,'20250719','1003',18,'2026-01-04 14:58:30','2026-01-04 22:44:55',NULL,NULL,NULL,NULL,NULL,NULL,3,'N'),(1425,'20250720','1003',0,'2026-01-04 14:58:30','2026-01-04 22:44:55',NULL,NULL,NULL,NULL,NULL,NULL,3,'N'),(1426,'20250822','1003',12,'2026-01-04 14:58:30','2026-01-04 22:44:55',NULL,NULL,NULL,NULL,NULL,NULL,4,'N'),(1427,'20250823','1003',8,'2026-01-04 14:58:30','2026-01-04 22:44:55',NULL,NULL,NULL,NULL,NULL,NULL,4,'N'),(1428,'20250824','1003',10,'2026-01-04 14:58:30','2026-01-04 22:44:55',NULL,NULL,NULL,NULL,NULL,NULL,4,'N'),(1429,'20250905','1003',5,'2026-01-04 14:58:30','2026-01-04 22:44:55',NULL,NULL,NULL,NULL,NULL,NULL,5,'N'),(1430,'20250907','1003',13,'2026-01-04 14:58:30','2026-01-04 22:44:55',NULL,NULL,NULL,NULL,NULL,NULL,5,'N'),(1431,'20250912','1003',2,'2026-01-04 14:58:30','2026-01-04 22:44:55',NULL,NULL,NULL,NULL,NULL,NULL,6,'N'),(1432,'20250913','1003',7,'2026-01-04 14:58:30','2026-01-04 22:44:55',NULL,NULL,NULL,NULL,NULL,NULL,6,'N'),(1433,'20250914','1003',4,'2026-01-04 14:58:30','2026-01-04 22:44:55',NULL,NULL,NULL,NULL,NULL,NULL,6,'N'),(1434,'20250920','1003',8,'2026-01-04 14:58:30','2026-01-04 22:44:55',NULL,NULL,NULL,NULL,NULL,NULL,7,'N'),(1435,'20250921','1003',6,'2026-01-04 14:58:30','2026-01-04 22:44:55',NULL,NULL,NULL,NULL,NULL,NULL,7,'N'),(1436,'20251003','1003',8,'2026-01-04 14:58:30','2026-01-04 22:44:55',NULL,NULL,NULL,NULL,NULL,NULL,8,'N'),(1437,'20251004','1003',4,'2026-01-04 14:58:30','2026-01-04 22:44:55',NULL,NULL,NULL,NULL,NULL,NULL,8,'N'),(1438,'20251005','1003',9,'2026-01-04 14:58:30','2026-01-04 22:44:55',NULL,NULL,NULL,NULL,NULL,NULL,8,'N'),(1439,'20251008','1003',4,'2026-01-04 14:58:30','2026-01-04 22:44:55',NULL,NULL,NULL,NULL,NULL,NULL,8,'N'),(1440,'20251009','1003',9,'2026-01-04 14:58:30','2026-01-04 22:44:55',NULL,NULL,NULL,NULL,NULL,NULL,8,'N'),(1441,'20251012','1003',9,'2026-01-04 14:58:30','2026-01-04 22:44:55',NULL,NULL,NULL,NULL,NULL,NULL,8,'N'),(1442,'20251107','1003',7,'2026-01-04 14:58:31','2026-01-04 22:44:55',NULL,NULL,NULL,NULL,NULL,NULL,9,'N'),(1443,'20251108','1003',7,'2026-01-04 14:58:31','2026-01-04 22:44:55',NULL,NULL,NULL,NULL,NULL,NULL,9,'N'),(1444,'20251109','1003',11,'2026-01-04 14:58:31','2026-01-04 22:44:55',NULL,NULL,NULL,NULL,NULL,NULL,9,'N'),(1445,'20251113','1003',6,'2026-01-04 14:58:31','2026-01-04 22:44:55',NULL,NULL,NULL,NULL,NULL,NULL,10,'N'),(1446,'20251114','1003',4,'2026-01-04 14:58:31','2026-01-04 22:44:55',NULL,NULL,NULL,NULL,NULL,NULL,10,'N'),(1447,'20251115','1003',4,'2026-01-04 14:58:31','2026-01-04 22:44:55',NULL,NULL,NULL,NULL,NULL,NULL,10,'N'),(1448,'20251116','1003',6,'2026-01-04 14:58:31','2026-01-04 22:44:55',NULL,NULL,NULL,NULL,NULL,NULL,10,'N'),(1449,'20251219','1003',7,'2026-01-04 14:58:31','2026-01-04 22:44:55',NULL,NULL,NULL,NULL,NULL,NULL,11,'N'),(1450,'20251220','1003',10,'2026-01-04 14:58:31','2026-01-04 22:44:55',NULL,NULL,NULL,NULL,NULL,NULL,11,'N'),(1451,'20251221','1003',8,'2026-01-04 14:58:31','2026-01-04 22:44:55',NULL,NULL,NULL,NULL,NULL,NULL,11,'N'),(1452,'20251222','1003',11,'2026-01-04 14:58:31','2026-01-04 22:44:55',NULL,NULL,NULL,NULL,NULL,NULL,11,'N'),(1453,'20251223','1003',11,'2026-01-04 14:58:31','2026-01-04 22:44:55',NULL,NULL,NULL,NULL,NULL,NULL,11,'N'),(1454,'20251224','1003',15,'2026-01-04 14:58:31','2026-01-04 22:44:55',NULL,NULL,NULL,NULL,NULL,NULL,11,'N'),(1455,'20251225','1003',8,'2026-01-04 14:58:31','2026-01-04 22:44:55',NULL,NULL,NULL,NULL,NULL,NULL,11,'N'),(1456,'20251227','1003',9,'2026-01-04 14:58:31','2026-01-04 22:44:55',NULL,NULL,NULL,NULL,NULL,NULL,12,'N'),(1457,'20251228','1003',9,'2026-01-04 14:58:31','2026-01-04 22:44:55',NULL,NULL,NULL,NULL,NULL,NULL,12,'N'),(1458,'20251229','1003',14,'2026-01-04 14:58:31','2026-01-04 22:44:55',NULL,NULL,NULL,NULL,NULL,NULL,12,'N'),(1459,'20251230','1003',4,'2026-01-04 14:58:31','2026-01-04 22:44:55',NULL,NULL,NULL,NULL,NULL,NULL,12,'N'),(1460,'20251231','1003',7,'2026-01-04 14:58:31','2026-01-04 22:44:55',NULL,NULL,NULL,NULL,NULL,NULL,12,'N'),(1461,'20260101','1003',13,'2026-01-04 14:58:31','2026-01-04 22:44:55',NULL,NULL,NULL,NULL,NULL,NULL,12,'N'),(1462,'20260102','1003',8,'2026-01-04 14:58:31','2026-01-04 22:44:55',NULL,NULL,NULL,NULL,NULL,NULL,13,'N'),(1463,'20260103','1003',3,'2026-01-04 14:58:31','2026-01-04 22:44:55',NULL,NULL,NULL,NULL,NULL,NULL,13,'N'),(1464,'20250627','1004',1,'2026-01-04 14:58:31','2026-01-04 22:44:55',NULL,NULL,NULL,NULL,NULL,NULL,1,'N'),(1465,'20250628','1004',5,'2026-01-04 14:58:31','2026-01-04 22:44:55',NULL,NULL,NULL,NULL,NULL,NULL,1,'N'),(1466,'20250629','1004',3,'2026-01-04 14:58:31','2026-01-04 22:44:55',NULL,NULL,NULL,NULL,NULL,NULL,1,'N'),(1467,'20250704','1004',9,'2026-01-04 14:58:31','2026-01-04 22:44:55',NULL,NULL,NULL,NULL,NULL,NULL,2,'N'),(1468,'20250705','1004',18,'2026-01-04 14:58:31','2026-01-04 22:44:55',NULL,NULL,NULL,NULL,NULL,NULL,2,'N'),(1469,'20250706','1004',0,'2026-01-04 14:58:31','2026-01-04 22:44:55',NULL,NULL,NULL,NULL,NULL,NULL,2,'N'),(1470,'20250707','1004',18,'2026-01-04 14:58:31','2026-01-04 22:44:55',NULL,NULL,NULL,NULL,NULL,NULL,2,'N'),(1471,'20250708','1004',4,'2026-01-04 14:58:31','2026-01-04 22:44:55',NULL,NULL,NULL,NULL,NULL,NULL,2,'N'),(1472,'20250709','1004',5,'2026-01-04 14:58:31','2026-01-04 22:44:55',NULL,NULL,NULL,NULL,NULL,NULL,2,'N'),(1473,'20250710','1004',7,'2026-01-04 14:58:31','2026-01-04 22:44:55',NULL,NULL,NULL,NULL,NULL,NULL,2,'N'),(1474,'20250711','1004',10,'2026-01-04 14:58:31','2026-01-04 22:44:55',NULL,NULL,NULL,NULL,NULL,NULL,2,'N'),(1475,'20250712','1004',38,'2026-01-04 14:58:31','2026-01-04 22:44:55',NULL,NULL,NULL,NULL,NULL,NULL,2,'N'),(1476,'20250713','1004',24,'2026-01-04 14:58:31','2026-01-04 22:44:55',NULL,NULL,NULL,NULL,NULL,NULL,2,'N'),(1477,'20250718','1004',10,'2026-01-04 14:58:31','2026-01-04 22:44:55',NULL,NULL,NULL,NULL,NULL,NULL,3,'N'),(1478,'20250719','1004',41,'2026-01-04 14:58:31','2026-01-04 22:44:55',NULL,NULL,NULL,NULL,NULL,NULL,3,'N'),(1479,'20250720','1004',28,'2026-01-04 14:58:31','2026-01-04 22:44:55',NULL,NULL,NULL,NULL,NULL,NULL,3,'N'),(1480,'20250822','1004',9,'2026-01-04 14:58:31','2026-01-04 22:44:55',NULL,NULL,NULL,NULL,NULL,NULL,4,'N'),(1481,'20250823','1004',28,'2026-01-04 14:58:31','2026-01-04 22:44:55',NULL,NULL,NULL,NULL,NULL,NULL,4,'N'),(1482,'20250824','1004',21,'2026-01-04 14:58:31','2026-01-04 22:44:55',NULL,NULL,NULL,NULL,NULL,NULL,4,'N'),(1483,'20250905','1004',12,'2026-01-04 14:58:31','2026-01-04 22:44:55',NULL,NULL,NULL,NULL,NULL,NULL,5,'N'),(1484,'20250907','1004',26,'2026-01-04 14:58:31','2026-01-04 22:44:55',NULL,NULL,NULL,NULL,NULL,NULL,5,'N'),(1485,'20250912','1004',6,'2026-01-04 14:58:31','2026-01-04 22:44:55',NULL,NULL,NULL,NULL,NULL,NULL,6,'N'),(1486,'20250913','1004',18,'2026-01-04 14:58:31','2026-01-04 22:44:55',NULL,NULL,NULL,NULL,NULL,NULL,6,'N'),(1487,'20250914','1004',14,'2026-01-04 14:58:31','2026-01-04 22:44:55',NULL,NULL,NULL,NULL,NULL,NULL,6,'N'),(1488,'20250920','1004',21,'2026-01-04 14:58:31','2026-01-04 22:44:55',NULL,NULL,NULL,NULL,NULL,NULL,7,'N'),(1489,'20250921','1004',12,'2026-01-04 14:58:31','2026-01-04 22:44:55',NULL,NULL,NULL,NULL,NULL,NULL,7,'N'),(1490,'20251003','1004',15,'2026-01-04 14:58:31','2026-01-04 22:44:55',NULL,NULL,NULL,NULL,NULL,NULL,8,'N'),(1491,'20251004','1004',17,'2026-01-04 14:58:31','2026-01-04 22:44:55',NULL,NULL,NULL,NULL,NULL,NULL,8,'N'),(1492,'20251005','1004',6,'2026-01-04 14:58:31','2026-01-04 22:44:55',NULL,NULL,NULL,NULL,NULL,NULL,8,'N'),(1493,'20251008','1004',7,'2026-01-04 14:58:31','2026-01-04 22:44:55',NULL,NULL,NULL,NULL,NULL,NULL,8,'N'),(1494,'20251009','1004',27,'2026-01-04 14:58:31','2026-01-04 22:44:55',NULL,NULL,NULL,NULL,NULL,NULL,8,'N'),(1495,'20251012','1004',17,'2026-01-04 14:58:31','2026-01-04 22:44:55',NULL,NULL,NULL,NULL,NULL,NULL,8,'N'),(1496,'20251107','1004',6,'2026-01-04 14:58:31','2026-01-04 22:44:55',NULL,NULL,NULL,NULL,NULL,NULL,9,'N'),(1497,'20251108','1004',15,'2026-01-04 14:58:31','2026-01-04 22:44:55',NULL,NULL,NULL,NULL,NULL,NULL,9,'N'),(1498,'20251109','1004',21,'2026-01-04 14:58:31','2026-01-04 22:44:55',NULL,NULL,NULL,NULL,NULL,NULL,9,'N'),(1499,'20251113','1004',12,'2026-01-04 14:58:31','2026-01-04 22:44:55',NULL,NULL,NULL,NULL,NULL,NULL,10,'N'),(1500,'20251114','1004',8,'2026-01-04 14:58:31','2026-01-04 22:44:55',NULL,NULL,NULL,NULL,NULL,NULL,10,'N'),(1501,'20251115','1004',7,'2026-01-04 14:58:31','2026-01-04 22:44:55',NULL,NULL,NULL,NULL,NULL,NULL,10,'N'),(1502,'20251116','1004',9,'2026-01-04 14:58:31','2026-01-04 22:44:55',NULL,NULL,NULL,NULL,NULL,NULL,10,'N'),(1503,'20251219','1004',10,'2026-01-04 14:58:31','2026-01-04 22:44:55',NULL,NULL,NULL,NULL,NULL,NULL,11,'N'),(1504,'20251220','1004',4,'2026-01-04 14:58:31','2026-01-04 22:44:55',NULL,NULL,NULL,NULL,NULL,NULL,11,'N'),(1505,'20251221','1004',4,'2026-01-04 14:58:31','2026-01-04 22:44:55',NULL,NULL,NULL,NULL,NULL,NULL,11,'N'),(1506,'20251222','1004',9,'2026-01-04 14:58:31','2026-01-04 22:44:55',NULL,NULL,NULL,NULL,NULL,NULL,11,'N'),(1507,'20251223','1004',5,'2026-01-04 14:58:31','2026-01-04 22:44:55',NULL,NULL,NULL,NULL,NULL,NULL,11,'N'),(1508,'20251224','1004',9,'2026-01-04 14:58:31','2026-01-04 22:44:55',NULL,NULL,NULL,NULL,NULL,NULL,11,'N'),(1509,'20251225','1004',4,'2026-01-04 14:58:31','2026-01-04 22:44:55',NULL,NULL,NULL,NULL,NULL,NULL,11,'N'),(1510,'20251227','1004',18,'2026-01-04 14:58:31','2026-01-04 22:44:55',NULL,NULL,NULL,NULL,NULL,NULL,12,'N'),(1511,'20251228','1004',19,'2026-01-04 14:58:32','2026-01-04 22:44:55',NULL,NULL,NULL,NULL,NULL,NULL,12,'N'),(1512,'20251229','1004',13,'2026-01-04 14:58:32','2026-01-04 22:44:55',NULL,NULL,NULL,NULL,NULL,NULL,12,'N'),(1513,'20251230','1004',11,'2026-01-04 14:58:32','2026-01-04 22:44:55',NULL,NULL,NULL,NULL,NULL,NULL,12,'N'),(1514,'20251231','1004',4,'2026-01-04 14:58:32','2026-01-04 22:44:55',NULL,NULL,NULL,NULL,NULL,NULL,12,'N'),(1515,'20260101','1004',17,'2026-01-04 14:58:32','2026-01-04 22:44:55',NULL,NULL,NULL,NULL,NULL,NULL,12,'N'),(1516,'20260102','1004',3,'2026-01-04 14:58:32','2026-01-04 22:44:55',NULL,NULL,NULL,NULL,NULL,NULL,13,'N'),(1517,'20260103','1004',4,'2026-01-04 14:58:32','2026-01-04 22:44:55',NULL,NULL,NULL,NULL,NULL,NULL,13,'N'),(1518,'20250627','1005',5,'2026-01-04 14:58:32','2026-01-04 22:44:55',NULL,NULL,NULL,NULL,NULL,NULL,1,'N'),(1519,'20250628','1005',1,'2026-01-04 14:58:32','2026-01-04 22:44:55',NULL,NULL,NULL,NULL,NULL,NULL,1,'N'),(1520,'20250629','1005',4,'2026-01-04 14:58:32','2026-01-04 22:44:55',NULL,NULL,NULL,NULL,NULL,NULL,1,'N'),(1521,'20250704','1005',2,'2026-01-04 14:58:32','2026-01-04 22:44:55',NULL,NULL,NULL,NULL,NULL,NULL,2,'N'),(1522,'20250705','1005',11,'2026-01-04 14:58:32','2026-01-04 22:44:55',NULL,NULL,NULL,NULL,NULL,NULL,2,'N'),(1523,'20250706','1005',4,'2026-01-04 14:58:32','2026-01-04 22:44:55',NULL,NULL,NULL,NULL,NULL,NULL,2,'N'),(1524,'20250707','1005',4,'2026-01-04 14:58:32','2026-01-04 22:44:55',NULL,NULL,NULL,NULL,NULL,NULL,2,'N'),(1525,'20250708','1005',1,'2026-01-04 14:58:32','2026-01-04 22:44:55',NULL,NULL,NULL,NULL,NULL,NULL,2,'N'),(1526,'20250709','1005',2,'2026-01-04 14:58:32','2026-01-04 22:44:55',NULL,NULL,NULL,NULL,NULL,NULL,2,'N'),(1527,'20250710','1005',3,'2026-01-04 14:58:32','2026-01-04 22:44:55',NULL,NULL,NULL,NULL,NULL,NULL,2,'N'),(1528,'20250711','1005',10,'2026-01-04 14:58:32','2026-01-04 22:44:55',NULL,NULL,NULL,NULL,NULL,NULL,2,'N'),(1529,'20250712','1005',13,'2026-01-04 14:58:32','2026-01-04 22:44:55',NULL,NULL,NULL,NULL,NULL,NULL,2,'N'),(1530,'20250713','1005',19,'2026-01-04 14:58:32','2026-01-04 22:44:55',NULL,NULL,NULL,NULL,NULL,NULL,2,'N'),(1531,'20250718','1005',6,'2026-01-04 14:58:32','2026-01-04 22:44:55',NULL,NULL,NULL,NULL,NULL,NULL,3,'N'),(1532,'20250719','1005',19,'2026-01-04 14:58:32','2026-01-04 22:44:55',NULL,NULL,NULL,NULL,NULL,NULL,3,'N'),(1533,'20250720','1005',3,'2026-01-04 14:58:32','2026-01-04 22:44:55',NULL,NULL,NULL,NULL,NULL,NULL,3,'N'),(1534,'20250822','1005',5,'2026-01-04 14:58:32','2026-01-04 22:44:55',NULL,NULL,NULL,NULL,NULL,NULL,4,'N'),(1535,'20250823','1005',10,'2026-01-04 14:58:32','2026-01-04 22:44:55',NULL,NULL,NULL,NULL,NULL,NULL,4,'N'),(1536,'20250824','1005',8,'2026-01-04 14:58:32','2026-01-04 22:44:55',NULL,NULL,NULL,NULL,NULL,NULL,4,'N'),(1537,'20250905','1005',5,'2026-01-04 14:58:32','2026-01-04 22:44:55',NULL,NULL,NULL,NULL,NULL,NULL,5,'N'),(1538,'20250907','1005',6,'2026-01-04 14:58:32','2026-01-04 22:44:55',NULL,NULL,NULL,NULL,NULL,NULL,5,'N'),(1539,'20250912','1005',1,'2026-01-04 14:58:32','2026-01-04 22:44:55',NULL,NULL,NULL,NULL,NULL,NULL,6,'N'),(1540,'20250913','1005',8,'2026-01-04 14:58:32','2026-01-04 22:44:55',NULL,NULL,NULL,NULL,NULL,NULL,6,'N'),(1541,'20250914','1005',3,'2026-01-04 14:58:32','2026-01-04 22:44:55',NULL,NULL,NULL,NULL,NULL,NULL,6,'N'),(1542,'20250920','1005',2,'2026-01-04 14:58:32','2026-01-04 22:44:55',NULL,NULL,NULL,NULL,NULL,NULL,7,'N'),(1543,'20250921','1005',15,'2026-01-04 14:58:32','2026-01-04 22:44:55',NULL,NULL,NULL,NULL,NULL,NULL,7,'N'),(1544,'20251003','1005',8,'2026-01-04 14:58:32','2026-01-04 22:44:55',NULL,NULL,NULL,NULL,NULL,NULL,8,'N'),(1545,'20251004','1005',10,'2026-01-04 14:58:32','2026-01-04 22:44:55',NULL,NULL,NULL,NULL,NULL,NULL,8,'N'),(1546,'20251005','1005',4,'2026-01-04 14:58:32','2026-01-04 22:44:55',NULL,NULL,NULL,NULL,NULL,NULL,8,'N'),(1547,'20251008','1005',3,'2026-01-04 14:58:32','2026-01-04 22:44:55',NULL,NULL,NULL,NULL,NULL,NULL,8,'N'),(1548,'20251009','1005',4,'2026-01-04 14:58:32','2026-01-04 22:44:55',NULL,NULL,NULL,NULL,NULL,NULL,8,'N'),(1549,'20251012','1005',6,'2026-01-04 14:58:32','2026-01-04 22:44:55',NULL,NULL,NULL,NULL,NULL,NULL,8,'N'),(1550,'20251107','1005',3,'2026-01-04 14:58:32','2026-01-04 22:44:55',NULL,NULL,NULL,NULL,NULL,NULL,9,'N'),(1551,'20251108','1005',5,'2026-01-04 14:58:32','2026-01-04 22:44:55',NULL,NULL,NULL,NULL,NULL,NULL,9,'N'),(1552,'20251109','1005',12,'2026-01-04 14:58:32','2026-01-04 22:44:55',NULL,NULL,NULL,NULL,NULL,NULL,9,'N'),(1553,'20251113','1005',1,'2026-01-04 14:58:32','2026-01-04 22:44:55',NULL,NULL,NULL,NULL,NULL,NULL,10,'N'),(1554,'20251114','1005',3,'2026-01-04 14:58:32','2026-01-04 22:44:55',NULL,NULL,NULL,NULL,NULL,NULL,10,'N'),(1555,'20251115','1005',1,'2026-01-04 14:58:32','2026-01-04 22:44:55',NULL,NULL,NULL,NULL,NULL,NULL,10,'N'),(1556,'20251116','1005',1,'2026-01-04 14:58:32','2026-01-04 22:44:55',NULL,NULL,NULL,NULL,NULL,NULL,10,'N'),(1557,'20251219','1005',4,'2026-01-04 14:58:32','2026-01-04 22:44:55',NULL,NULL,NULL,NULL,NULL,NULL,11,'N'),(1558,'20251220','1005',2,'2026-01-04 14:58:32','2026-01-04 22:44:55',NULL,NULL,NULL,NULL,NULL,NULL,11,'N'),(1559,'20251221','1005',1,'2026-01-04 14:58:32','2026-01-04 22:44:55',NULL,NULL,NULL,NULL,NULL,NULL,11,'N'),(1560,'20251222','1005',3,'2026-01-04 14:58:32','2026-01-04 22:44:55',NULL,NULL,NULL,NULL,NULL,NULL,11,'N'),(1561,'20251223','1005',5,'2026-01-04 14:58:32','2026-01-04 22:44:55',NULL,NULL,NULL,NULL,NULL,NULL,11,'N'),(1562,'20251224','1005',2,'2026-01-04 14:58:32','2026-01-04 22:44:55',NULL,NULL,NULL,NULL,NULL,NULL,11,'N'),(1563,'20251225','1005',1,'2026-01-04 14:58:32','2026-01-04 22:44:55',NULL,NULL,NULL,NULL,NULL,NULL,11,'N'),(1564,'20251227','1005',5,'2026-01-04 14:58:32','2026-01-04 22:44:55',NULL,NULL,NULL,NULL,NULL,NULL,12,'N'),(1565,'20251228','1005',7,'2026-01-04 14:58:32','2026-01-04 22:44:55',NULL,NULL,NULL,NULL,NULL,NULL,12,'N'),(1566,'20251229','1005',6,'2026-01-04 14:58:32','2026-01-04 22:44:55',NULL,NULL,NULL,NULL,NULL,NULL,12,'N'),(1567,'20251230','1005',2,'2026-01-04 14:58:32','2026-01-04 22:44:55',NULL,NULL,NULL,NULL,NULL,NULL,12,'N'),(1568,'20251231','1005',7,'2026-01-04 14:58:32','2026-01-04 22:44:55',NULL,NULL,NULL,NULL,NULL,NULL,12,'N'),(1569,'20260101','1005',2,'2026-01-04 14:58:32','2026-01-04 22:44:55',NULL,NULL,NULL,NULL,NULL,NULL,12,'N'),(1570,'20260102','1005',6,'2026-01-04 14:58:32','2026-01-04 22:44:55',NULL,NULL,NULL,NULL,NULL,NULL,13,'N'),(1571,'20260103','1005',1,'2026-01-04 14:58:32','2026-01-04 22:44:55',NULL,NULL,NULL,NULL,NULL,NULL,13,'N'),(1572,'20250627','1006',4,'2026-01-04 14:58:32','2026-01-04 22:44:55',NULL,NULL,NULL,NULL,NULL,NULL,1,'N'),(1573,'20250628','1006',1,'2026-01-04 14:58:32','2026-01-04 22:44:55',NULL,NULL,NULL,NULL,NULL,NULL,1,'N'),(1574,'20250629','1006',3,'2026-01-04 14:58:32','2026-01-04 22:44:55',NULL,NULL,NULL,NULL,NULL,NULL,1,'N'),(1575,'20250704','1006',1,'2026-01-04 14:58:32','2026-01-04 22:44:55',NULL,NULL,NULL,NULL,NULL,NULL,2,'N'),(1576,'20250705','1006',9,'2026-01-04 14:58:32','2026-01-04 22:44:55',NULL,NULL,NULL,NULL,NULL,NULL,2,'N'),(1577,'20250706','1006',8,'2026-01-04 14:58:32','2026-01-04 22:44:55',NULL,NULL,NULL,NULL,NULL,NULL,2,'N'),(1578,'20250707','1006',6,'2026-01-04 14:58:32','2026-01-04 22:44:55',NULL,NULL,NULL,NULL,NULL,NULL,2,'N'),(1579,'20250708','1006',4,'2026-01-04 14:58:32','2026-01-04 22:44:55',NULL,NULL,NULL,NULL,NULL,NULL,2,'N'),(1580,'20250709','1006',1,'2026-01-04 14:58:32','2026-01-04 22:44:55',NULL,NULL,NULL,NULL,NULL,NULL,2,'N'),(1581,'20250710','1006',1,'2026-01-04 14:58:32','2026-01-04 22:44:55',NULL,NULL,NULL,NULL,NULL,NULL,2,'N'),(1582,'20250711','1006',14,'2026-01-04 14:58:32','2026-01-04 22:44:55',NULL,NULL,NULL,NULL,NULL,NULL,2,'N'),(1583,'20250712','1006',5,'2026-01-04 14:58:32','2026-01-04 22:44:55',NULL,NULL,NULL,NULL,NULL,NULL,2,'N'),(1584,'20250713','1006',9,'2026-01-04 14:58:32','2026-01-04 22:44:55',NULL,NULL,NULL,NULL,NULL,NULL,2,'N'),(1585,'20250718','1006',7,'2026-01-04 14:58:32','2026-01-04 22:44:55',NULL,NULL,NULL,NULL,NULL,NULL,3,'N'),(1586,'20250719','1006',4,'2026-01-04 14:58:33','2026-01-04 22:44:55',NULL,NULL,NULL,NULL,NULL,NULL,3,'N'),(1587,'20250720','1006',12,'2026-01-04 14:58:33','2026-01-04 22:44:55',NULL,NULL,NULL,NULL,NULL,NULL,3,'N'),(1588,'20250822','1006',11,'2026-01-04 14:58:33','2026-01-04 22:44:55',NULL,NULL,NULL,NULL,NULL,NULL,4,'N'),(1589,'20250823','1006',15,'2026-01-04 14:58:33','2026-01-04 22:44:55',NULL,NULL,NULL,NULL,NULL,NULL,4,'N'),(1590,'20250824','1006',17,'2026-01-04 14:58:33','2026-01-04 22:44:55',NULL,NULL,NULL,NULL,NULL,NULL,4,'N'),(1591,'20250905','1006',7,'2026-01-04 14:58:33','2026-01-04 22:44:55',NULL,NULL,NULL,NULL,NULL,NULL,5,'N'),(1592,'20250907','1006',16,'2026-01-04 14:58:33','2026-01-04 22:44:55',NULL,NULL,NULL,NULL,NULL,NULL,5,'N'),(1593,'20250912','1006',1,'2026-01-04 14:58:33','2026-01-04 22:44:55',NULL,NULL,NULL,NULL,NULL,NULL,6,'N'),(1594,'20250913','1006',20,'2026-01-04 14:58:33','2026-01-04 22:44:55',NULL,NULL,NULL,NULL,NULL,NULL,6,'N'),(1595,'20250914','1006',7,'2026-01-04 14:58:33','2026-01-04 22:44:55',NULL,NULL,NULL,NULL,NULL,NULL,6,'N'),(1596,'20250920','1006',8,'2026-01-04 14:58:33','2026-01-04 22:44:55',NULL,NULL,NULL,NULL,NULL,NULL,7,'N'),(1597,'20250921','1006',8,'2026-01-04 14:58:33','2026-01-04 22:44:55',NULL,NULL,NULL,NULL,NULL,NULL,7,'N'),(1598,'20251003','1006',8,'2026-01-04 14:58:33','2026-01-04 22:44:55',NULL,NULL,NULL,NULL,NULL,NULL,8,'N'),(1599,'20251004','1006',18,'2026-01-04 14:58:33','2026-01-04 22:44:55',NULL,NULL,NULL,NULL,NULL,NULL,8,'N'),(1600,'20251005','1006',14,'2026-01-04 14:58:33','2026-01-04 22:44:55',NULL,NULL,NULL,NULL,NULL,NULL,8,'N'),(1601,'20251008','1006',11,'2026-01-04 14:58:33','2026-01-04 22:44:55',NULL,NULL,NULL,NULL,NULL,NULL,8,'N'),(1602,'20251009','1006',14,'2026-01-04 14:58:33','2026-01-04 22:44:55',NULL,NULL,NULL,NULL,NULL,NULL,8,'N'),(1603,'20251012','1006',16,'2026-01-04 14:58:33','2026-01-04 22:44:55',NULL,NULL,NULL,NULL,NULL,NULL,8,'N'),(1604,'20251107','1006',15,'2026-01-04 14:58:33','2026-01-04 22:44:55',NULL,NULL,NULL,NULL,NULL,NULL,9,'N'),(1605,'20251108','1006',13,'2026-01-04 14:58:33','2026-01-04 22:44:55',NULL,NULL,NULL,NULL,NULL,NULL,9,'N'),(1606,'20251109','1006',17,'2026-01-04 14:58:33','2026-01-04 22:44:55',NULL,NULL,NULL,NULL,NULL,NULL,9,'N'),(1607,'20251113','1006',16,'2026-01-04 14:58:33','2026-01-04 22:44:55',NULL,NULL,NULL,NULL,NULL,NULL,10,'N'),(1608,'20251114','1006',7,'2026-01-04 14:58:33','2026-01-04 22:44:55',NULL,NULL,NULL,NULL,NULL,NULL,10,'N'),(1609,'20251115','1006',13,'2026-01-04 14:58:33','2026-01-04 22:44:55',NULL,NULL,NULL,NULL,NULL,NULL,10,'N'),(1610,'20251116','1006',14,'2026-01-04 14:58:33','2026-01-04 22:44:55',NULL,NULL,NULL,NULL,NULL,NULL,10,'N'),(1611,'20251219','1006',5,'2026-01-04 14:58:33','2026-01-04 22:44:55',NULL,NULL,NULL,NULL,NULL,NULL,11,'N'),(1612,'20251220','1006',17,'2026-01-04 14:58:33','2026-01-04 22:44:55',NULL,NULL,NULL,NULL,NULL,NULL,11,'N'),(1613,'20251221','1006',7,'2026-01-04 14:58:33','2026-01-04 22:44:55',NULL,NULL,NULL,NULL,NULL,NULL,11,'N'),(1614,'20251222','1006',3,'2026-01-04 14:58:33','2026-01-04 22:44:55',NULL,NULL,NULL,NULL,NULL,NULL,11,'N'),(1615,'20251223','1006',11,'2026-01-04 14:58:33','2026-01-04 22:44:55',NULL,NULL,NULL,NULL,NULL,NULL,11,'N'),(1616,'20251224','1006',9,'2026-01-04 14:58:33','2026-01-04 22:44:55',NULL,NULL,NULL,NULL,NULL,NULL,11,'N'),(1617,'20251225','1006',7,'2026-01-04 14:58:33','2026-01-04 22:44:55',NULL,NULL,NULL,NULL,NULL,NULL,11,'N'),(1618,'20251227','1006',21,'2026-01-04 14:58:33','2026-01-04 22:44:55',NULL,NULL,NULL,NULL,NULL,NULL,12,'N'),(1619,'20251228','1006',13,'2026-01-04 14:58:33','2026-01-04 22:44:55',NULL,NULL,NULL,NULL,NULL,NULL,12,'N'),(1620,'20251229','1006',10,'2026-01-04 14:58:33','2026-01-04 22:44:55',NULL,NULL,NULL,NULL,NULL,NULL,12,'N'),(1621,'20251230','1006',9,'2026-01-04 14:58:33','2026-01-04 22:44:55',NULL,NULL,NULL,NULL,NULL,NULL,12,'N'),(1622,'20251231','1006',12,'2026-01-04 14:58:33','2026-01-04 22:44:55',NULL,NULL,NULL,NULL,NULL,NULL,12,'N'),(1623,'20260101','1006',17,'2026-01-04 14:58:33','2026-01-04 22:44:55',NULL,NULL,NULL,NULL,NULL,NULL,12,'N'),(1624,'20260102','1006',5,'2026-01-04 14:58:33','2026-01-04 22:44:55',NULL,NULL,NULL,NULL,NULL,NULL,13,'N'),(1625,'20260103','1006',7,'2026-01-04 14:58:33','2026-01-04 22:44:55',NULL,NULL,NULL,NULL,NULL,NULL,13,'N'),(1626,'20250627','1007',0,'2026-01-04 14:58:33','2026-01-04 22:44:55',NULL,NULL,NULL,NULL,NULL,NULL,1,'N'),(1627,'20250628','1007',0,'2026-01-04 14:58:33','2026-01-04 22:44:55',NULL,NULL,NULL,NULL,NULL,NULL,1,'N'),(1628,'20250629','1007',0,'2026-01-04 14:58:33','2026-01-04 22:44:55',NULL,NULL,NULL,NULL,NULL,NULL,1,'N'),(1629,'20250704','1007',0,'2026-01-04 14:58:33','2026-01-04 22:44:55',NULL,NULL,NULL,NULL,NULL,NULL,2,'N'),(1630,'20250705','1007',0,'2026-01-04 14:58:33','2026-01-04 22:44:55',NULL,NULL,NULL,NULL,NULL,NULL,2,'N'),(1631,'20250706','1007',0,'2026-01-04 14:58:33','2026-01-04 22:44:55',NULL,NULL,NULL,NULL,NULL,NULL,2,'N'),(1632,'20250707','1007',0,'2026-01-04 14:58:33','2026-01-04 22:44:55',NULL,NULL,NULL,NULL,NULL,NULL,2,'N'),(1633,'20250708','1007',0,'2026-01-04 14:58:33','2026-01-04 22:44:55',NULL,NULL,NULL,NULL,NULL,NULL,2,'N'),(1634,'20250709','1007',0,'2026-01-04 14:58:33','2026-01-04 22:44:55',NULL,NULL,NULL,NULL,NULL,NULL,2,'N'),(1635,'20250710','1007',0,'2026-01-04 14:58:33','2026-01-04 22:44:55',NULL,NULL,NULL,NULL,NULL,NULL,2,'N'),(1636,'20250711','1007',0,'2026-01-04 14:58:33','2026-01-04 22:44:55',NULL,NULL,NULL,NULL,NULL,NULL,2,'N'),(1637,'20250712','1007',9,'2026-01-04 14:58:33','2026-01-04 22:44:55',NULL,NULL,NULL,NULL,NULL,NULL,2,'N'),(1638,'20250713','1007',10,'2026-01-04 14:58:33','2026-01-04 22:44:55',NULL,NULL,NULL,NULL,NULL,NULL,2,'N'),(1639,'20250718','1007',1,'2026-01-04 14:58:33','2026-01-04 22:44:55',NULL,NULL,NULL,NULL,NULL,NULL,3,'N'),(1640,'20250719','1007',8,'2026-01-04 14:58:33','2026-01-04 22:44:55',NULL,NULL,NULL,NULL,NULL,NULL,3,'N'),(1641,'20250720','1007',15,'2026-01-04 14:58:33','2026-01-04 22:44:55',NULL,NULL,NULL,NULL,NULL,NULL,3,'N'),(1642,'20250822','1007',9,'2026-01-04 14:58:33','2026-01-04 22:44:55',NULL,NULL,NULL,NULL,NULL,NULL,4,'N'),(1643,'20250823','1007',10,'2026-01-04 14:58:33','2026-01-04 22:44:55',NULL,NULL,NULL,NULL,NULL,NULL,4,'N'),(1644,'20250824','1007',13,'2026-01-04 14:58:33','2026-01-04 22:44:55',NULL,NULL,NULL,NULL,NULL,NULL,4,'N'),(1645,'20250905','1007',5,'2026-01-04 14:58:33','2026-01-04 22:44:55',NULL,NULL,NULL,NULL,NULL,NULL,5,'N'),(1646,'20250907','1007',14,'2026-01-04 14:58:33','2026-01-04 22:44:55',NULL,NULL,NULL,NULL,NULL,NULL,5,'N'),(1647,'20250912','1007',1,'2026-01-04 14:58:33','2026-01-04 22:44:55',NULL,NULL,NULL,NULL,NULL,NULL,6,'N'),(1648,'20250913','1007',20,'2026-01-04 14:58:33','2026-01-04 22:44:55',NULL,NULL,NULL,NULL,NULL,NULL,6,'N'),(1649,'20250914','1007',13,'2026-01-04 14:58:33','2026-01-04 22:44:55',NULL,NULL,NULL,NULL,NULL,NULL,6,'N'),(1650,'20250920','1007',8,'2026-01-04 14:58:33','2026-01-04 22:44:55',NULL,NULL,NULL,NULL,NULL,NULL,7,'N'),(1651,'20250921','1007',9,'2026-01-04 14:58:33','2026-01-04 22:44:55',NULL,NULL,NULL,NULL,NULL,NULL,7,'N'),(1652,'20251003','1007',10,'2026-01-04 14:58:33','2026-01-04 22:44:55',NULL,NULL,NULL,NULL,NULL,NULL,8,'N'),(1653,'20251004','1007',11,'2026-01-04 14:58:33','2026-01-04 22:44:55',NULL,NULL,NULL,NULL,NULL,NULL,8,'N'),(1654,'20251005','1007',11,'2026-01-04 14:58:33','2026-01-04 22:44:55',NULL,NULL,NULL,NULL,NULL,NULL,8,'N'),(1655,'20251008','1007',8,'2026-01-04 14:58:33','2026-01-04 22:44:55',NULL,NULL,NULL,NULL,NULL,NULL,8,'N'),(1656,'20251009','1007',9,'2026-01-04 14:58:33','2026-01-04 22:44:55',NULL,NULL,NULL,NULL,NULL,NULL,8,'N'),(1657,'20251012','1007',22,'2026-01-04 14:58:33','2026-01-04 22:44:55',NULL,NULL,NULL,NULL,NULL,NULL,8,'N'),(1658,'20251107','1007',14,'2026-01-04 14:58:33','2026-01-04 22:44:55',NULL,NULL,NULL,NULL,NULL,NULL,9,'N'),(1659,'20251108','1007',9,'2026-01-04 14:58:34','2026-01-04 22:44:55',NULL,NULL,NULL,NULL,NULL,NULL,9,'N'),(1660,'20251109','1007',20,'2026-01-04 14:58:34','2026-01-04 22:44:55',NULL,NULL,NULL,NULL,NULL,NULL,9,'N'),(1661,'20251113','1007',14,'2026-01-04 14:58:34','2026-01-04 22:44:55',NULL,NULL,NULL,NULL,NULL,NULL,10,'N'),(1662,'20251114','1007',11,'2026-01-04 14:58:34','2026-01-04 22:44:55',NULL,NULL,NULL,NULL,NULL,NULL,10,'N'),(1663,'20251115','1007',13,'2026-01-04 14:58:34','2026-01-04 22:44:55',NULL,NULL,NULL,NULL,NULL,NULL,10,'N'),(1664,'20251116','1007',10,'2026-01-04 14:58:34','2026-01-04 22:44:55',NULL,NULL,NULL,NULL,NULL,NULL,10,'N'),(1665,'20251219','1007',10,'2026-01-04 14:58:34','2026-01-04 22:44:55',NULL,NULL,NULL,NULL,NULL,NULL,11,'N'),(1666,'20251220','1007',5,'2026-01-04 14:58:34','2026-01-04 22:44:55',NULL,NULL,NULL,NULL,NULL,NULL,11,'N'),(1667,'20251221','1007',11,'2026-01-04 14:58:34','2026-01-04 22:44:55',NULL,NULL,NULL,NULL,NULL,NULL,11,'N'),(1668,'20251222','1007',6,'2026-01-04 14:58:34','2026-01-04 22:44:55',NULL,NULL,NULL,NULL,NULL,NULL,11,'N'),(1669,'20251223','1007',11,'2026-01-04 14:58:34','2026-01-04 22:44:55',NULL,NULL,NULL,NULL,NULL,NULL,11,'N'),(1670,'20251224','1007',6,'2026-01-04 14:58:34','2026-01-04 22:44:55',NULL,NULL,NULL,NULL,NULL,NULL,11,'N'),(1671,'20251225','1007',11,'2026-01-04 14:58:34','2026-01-04 22:44:55',NULL,NULL,NULL,NULL,NULL,NULL,11,'N'),(1672,'20251227','1007',36,'2026-01-04 14:58:34','2026-01-04 22:44:55',NULL,NULL,NULL,NULL,NULL,NULL,12,'N'),(1673,'20251228','1007',25,'2026-01-04 14:58:34','2026-01-04 22:44:55',NULL,NULL,NULL,NULL,NULL,NULL,12,'N'),(1674,'20251229','1007',13,'2026-01-04 14:58:34','2026-01-04 22:44:55',NULL,NULL,NULL,NULL,NULL,NULL,12,'N'),(1675,'20251230','1007',9,'2026-01-04 14:58:34','2026-01-04 22:44:55',NULL,NULL,NULL,NULL,NULL,NULL,12,'N'),(1676,'20251231','1007',22,'2026-01-04 14:58:34','2026-01-04 22:44:55',NULL,NULL,NULL,NULL,NULL,NULL,12,'N'),(1677,'20260101','1007',17,'2026-01-04 14:58:34','2026-01-04 22:44:55',NULL,NULL,NULL,NULL,NULL,NULL,12,'N'),(1678,'20260102','1007',13,'2026-01-04 14:58:34','2026-01-04 22:44:55',NULL,NULL,NULL,NULL,NULL,NULL,13,'N'),(1679,'20260103','1007',16,'2026-01-04 14:58:34','2026-01-04 22:44:55',NULL,NULL,NULL,NULL,NULL,NULL,13,'N'),(1680,'20250627','1008',0,'2026-01-04 14:58:34','2026-01-04 22:44:55',NULL,NULL,NULL,NULL,NULL,NULL,1,'N'),(1681,'20250628','1008',0,'2026-01-04 14:58:34','2026-01-04 22:44:55',NULL,NULL,NULL,NULL,NULL,NULL,1,'N'),(1682,'20250629','1008',0,'2026-01-04 14:58:34','2026-01-04 22:44:55',NULL,NULL,NULL,NULL,NULL,NULL,1,'N'),(1683,'20250704','1008',0,'2026-01-04 14:58:34','2026-01-04 22:44:55',NULL,NULL,NULL,NULL,NULL,NULL,2,'N'),(1684,'20250705','1008',0,'2026-01-04 14:58:34','2026-01-04 22:44:55',NULL,NULL,NULL,NULL,NULL,NULL,2,'N'),(1685,'20250706','1008',0,'2026-01-04 14:58:34','2026-01-04 22:44:55',NULL,NULL,NULL,NULL,NULL,NULL,2,'N'),(1686,'20250707','1008',0,'2026-01-04 14:58:34','2026-01-04 22:44:55',NULL,NULL,NULL,NULL,NULL,NULL,2,'N'),(1687,'20250708','1008',0,'2026-01-04 14:58:34','2026-01-04 22:44:55',NULL,NULL,NULL,NULL,NULL,NULL,2,'N'),(1688,'20250709','1008',0,'2026-01-04 14:58:34','2026-01-04 22:44:55',NULL,NULL,NULL,NULL,NULL,NULL,2,'N'),(1689,'20250710','1008',0,'2026-01-04 14:58:34','2026-01-04 22:44:55',NULL,NULL,NULL,NULL,NULL,NULL,2,'N'),(1690,'20250711','1008',0,'2026-01-04 14:58:34','2026-01-04 22:44:55',NULL,NULL,NULL,NULL,NULL,NULL,2,'N'),(1691,'20250712','1008',0,'2026-01-04 14:58:34','2026-01-04 22:44:55',NULL,NULL,NULL,NULL,NULL,NULL,2,'N'),(1692,'20250713','1008',0,'2026-01-04 14:58:34','2026-01-04 22:44:55',NULL,NULL,NULL,NULL,NULL,NULL,2,'N'),(1693,'20250718','1008',0,'2026-01-04 14:58:34','2026-01-04 22:44:55',NULL,NULL,NULL,NULL,NULL,NULL,3,'N'),(1694,'20250719','1008',0,'2026-01-04 14:58:34','2026-01-04 22:44:55',NULL,NULL,NULL,NULL,NULL,NULL,3,'N'),(1695,'20250720','1008',0,'2026-01-04 14:58:34','2026-01-04 22:44:55',NULL,NULL,NULL,NULL,NULL,NULL,3,'N'),(1696,'20250822','1008',15,'2026-01-04 14:58:34','2026-01-04 22:44:55',NULL,NULL,NULL,NULL,NULL,NULL,4,'N'),(1697,'20250823','1008',14,'2026-01-04 14:58:34','2026-01-04 22:44:55',NULL,NULL,NULL,NULL,NULL,NULL,4,'N'),(1698,'20250824','1008',13,'2026-01-04 14:58:34','2026-01-04 22:44:55',NULL,NULL,NULL,NULL,NULL,NULL,4,'N'),(1699,'20250905','1008',4,'2026-01-04 14:58:34','2026-01-04 22:44:55',NULL,NULL,NULL,NULL,NULL,NULL,5,'N'),(1700,'20250907','1008',3,'2026-01-04 14:58:34','2026-01-04 22:44:55',NULL,NULL,NULL,NULL,NULL,NULL,5,'N'),(1701,'20250912','1008',0,'2026-01-04 14:58:34','2026-01-04 22:44:55',NULL,NULL,NULL,NULL,NULL,NULL,6,'N'),(1702,'20250913','1008',6,'2026-01-04 14:58:34','2026-01-04 22:44:55',NULL,NULL,NULL,NULL,NULL,NULL,6,'N'),(1703,'20250914','1008',5,'2026-01-04 14:58:34','2026-01-04 22:44:55',NULL,NULL,NULL,NULL,NULL,NULL,6,'N'),(1704,'20250920','1008',4,'2026-01-04 14:58:34','2026-01-04 22:44:55',NULL,NULL,NULL,NULL,NULL,NULL,7,'N'),(1705,'20250921','1008',8,'2026-01-04 14:58:34','2026-01-04 22:44:55',NULL,NULL,NULL,NULL,NULL,NULL,7,'N'),(1706,'20251003','1008',1,'2026-01-04 14:58:34','2026-01-04 22:44:55',NULL,NULL,NULL,NULL,NULL,NULL,8,'N'),(1707,'20251004','1008',4,'2026-01-04 14:58:34','2026-01-04 22:44:55',NULL,NULL,NULL,NULL,NULL,NULL,8,'N'),(1708,'20251005','1008',8,'2026-01-04 14:58:34','2026-01-04 22:44:55',NULL,NULL,NULL,NULL,NULL,NULL,8,'N'),(1709,'20251008','1008',5,'2026-01-04 14:58:34','2026-01-04 22:44:55',NULL,NULL,NULL,NULL,NULL,NULL,8,'N'),(1710,'20251009','1008',0,'2026-01-04 14:58:34','2026-01-04 22:44:55',NULL,NULL,NULL,NULL,NULL,NULL,8,'N'),(1711,'20251012','1008',3,'2026-01-04 14:58:34','2026-01-04 22:44:55',NULL,NULL,NULL,NULL,NULL,NULL,8,'N'),(1712,'20251107','1008',2,'2026-01-04 14:58:34','2026-01-04 22:44:55',NULL,NULL,NULL,NULL,NULL,NULL,9,'N'),(1713,'20251108','1008',2,'2026-01-04 14:58:34','2026-01-04 22:44:55',NULL,NULL,NULL,NULL,NULL,NULL,9,'N'),(1714,'20251109','1008',7,'2026-01-04 14:58:34','2026-01-04 22:44:55',NULL,NULL,NULL,NULL,NULL,NULL,9,'N'),(1715,'20251113','1008',2,'2026-01-04 14:58:34','2026-01-04 22:44:55',NULL,NULL,NULL,NULL,NULL,NULL,10,'N'),(1716,'20251114','1008',1,'2026-01-04 14:58:34','2026-01-04 22:44:55',NULL,NULL,NULL,NULL,NULL,NULL,10,'N'),(1717,'20251115','1008',4,'2026-01-04 14:58:34','2026-01-04 22:44:55',NULL,NULL,NULL,NULL,NULL,NULL,10,'N'),(1718,'20251116','1008',0,'2026-01-04 14:58:34','2026-01-04 22:44:55',NULL,NULL,NULL,NULL,NULL,NULL,10,'N'),(1719,'20251219','1008',1,'2026-01-04 14:58:34','2026-01-04 22:44:55',NULL,NULL,NULL,NULL,NULL,NULL,11,'N'),(1720,'20251220','1008',5,'2026-01-04 14:58:34','2026-01-04 22:44:55',NULL,NULL,NULL,NULL,NULL,NULL,11,'N'),(1721,'20251221','1008',1,'2026-01-04 14:58:34','2026-01-04 22:44:55',NULL,NULL,NULL,NULL,NULL,NULL,11,'N'),(1722,'20251222','1008',2,'2026-01-04 14:58:34','2026-01-04 22:44:55',NULL,NULL,NULL,NULL,NULL,NULL,11,'N'),(1723,'20251223','1008',6,'2026-01-04 14:58:34','2026-01-04 22:44:55',NULL,NULL,NULL,NULL,NULL,NULL,11,'N'),(1724,'20251224','1008',5,'2026-01-04 14:58:34','2026-01-04 22:44:55',NULL,NULL,NULL,NULL,NULL,NULL,11,'N'),(1725,'20251225','1008',1,'2026-01-04 14:58:34','2026-01-04 22:44:55',NULL,NULL,NULL,NULL,NULL,NULL,11,'N'),(1726,'20251227','1008',1,'2026-01-04 14:58:34','2026-01-04 22:44:55',NULL,NULL,NULL,NULL,NULL,NULL,12,'N'),(1727,'20251228','1008',7,'2026-01-04 14:58:34','2026-01-04 22:44:55',NULL,NULL,NULL,NULL,NULL,NULL,12,'N'),(1728,'20251229','1008',15,'2026-01-04 14:58:34','2026-01-04 22:44:55',NULL,NULL,NULL,NULL,NULL,NULL,12,'N'),(1729,'20251230','1008',4,'2026-01-04 14:58:34','2026-01-04 22:44:55',NULL,NULL,NULL,NULL,NULL,NULL,12,'N'),(1730,'20251231','1008',1,'2026-01-04 14:58:34','2026-01-04 22:44:55',NULL,NULL,NULL,NULL,NULL,NULL,12,'N'),(1731,'20260101','1008',0,'2026-01-04 14:58:34','2026-01-04 22:44:55',NULL,NULL,NULL,NULL,NULL,NULL,12,'N'),(1732,'20260102','1008',8,'2026-01-04 14:58:34','2026-01-04 22:44:55',NULL,NULL,NULL,NULL,NULL,NULL,13,'N'),(1733,'20260103','1008',3,'2026-01-04 14:58:34','2026-01-04 22:44:55',NULL,NULL,NULL,NULL,NULL,NULL,13,'N'),(1734,'20250627','1009',0,'2026-01-04 14:58:34','2026-01-04 22:44:55',NULL,NULL,NULL,NULL,NULL,NULL,1,'N'),(1735,'20250628','1009',0,'2026-01-04 14:58:34','2026-01-04 22:44:55',NULL,NULL,NULL,NULL,NULL,NULL,1,'N'),(1736,'20250629','1009',0,'2026-01-04 14:58:34','2026-01-04 22:44:55',NULL,NULL,NULL,NULL,NULL,NULL,1,'N'),(1737,'20250704','1009',0,'2026-01-04 14:58:34','2026-01-04 22:44:55',NULL,NULL,NULL,NULL,NULL,NULL,2,'N'),(1738,'20250705','1009',0,'2026-01-04 14:58:34','2026-01-04 22:44:55',NULL,NULL,NULL,NULL,NULL,NULL,2,'N'),(1739,'20250706','1009',0,'2026-01-04 14:58:35','2026-01-04 22:44:55',NULL,NULL,NULL,NULL,NULL,NULL,2,'N'),(1740,'20250707','1009',0,'2026-01-04 14:58:35','2026-01-04 22:44:55',NULL,NULL,NULL,NULL,NULL,NULL,2,'N'),(1741,'20250708','1009',0,'2026-01-04 14:58:35','2026-01-04 22:44:55',NULL,NULL,NULL,NULL,NULL,NULL,2,'N'),(1742,'20250709','1009',0,'2026-01-04 14:58:35','2026-01-04 22:44:55',NULL,NULL,NULL,NULL,NULL,NULL,2,'N'),(1743,'20250710','1009',0,'2026-01-04 14:58:35','2026-01-04 22:44:55',NULL,NULL,NULL,NULL,NULL,NULL,2,'N'),(1744,'20250711','1009',0,'2026-01-04 14:58:35','2026-01-04 22:44:55',NULL,NULL,NULL,NULL,NULL,NULL,2,'N'),(1745,'20250712','1009',0,'2026-01-04 14:58:35','2026-01-04 22:44:55',NULL,NULL,NULL,NULL,NULL,NULL,2,'N'),(1746,'20250713','1009',0,'2026-01-04 14:58:35','2026-01-04 22:44:55',NULL,NULL,NULL,NULL,NULL,NULL,2,'N'),(1747,'20250718','1009',0,'2026-01-04 14:58:35','2026-01-04 22:44:55',NULL,NULL,NULL,NULL,NULL,NULL,3,'N'),(1748,'20250719','1009',0,'2026-01-04 14:58:35','2026-01-04 22:44:55',NULL,NULL,NULL,NULL,NULL,NULL,3,'N'),(1749,'20250720','1009',0,'2026-01-04 14:58:35','2026-01-04 22:44:55',NULL,NULL,NULL,NULL,NULL,NULL,3,'N'),(1750,'20250822','1009',0,'2026-01-04 14:58:35','2026-01-04 22:44:55',NULL,NULL,NULL,NULL,NULL,NULL,4,'N'),(1751,'20250823','1009',0,'2026-01-04 14:58:35','2026-01-04 22:44:55',NULL,NULL,NULL,NULL,NULL,NULL,4,'N'),(1752,'20250824','1009',0,'2026-01-04 14:58:35','2026-01-04 22:44:55',NULL,NULL,NULL,NULL,NULL,NULL,4,'N'),(1753,'20250905','1009',0,'2026-01-04 14:58:35','2026-01-04 22:44:55',NULL,NULL,NULL,NULL,NULL,NULL,5,'N'),(1754,'20250907','1009',0,'2026-01-04 14:58:35','2026-01-04 22:44:55',NULL,NULL,NULL,NULL,NULL,NULL,5,'N'),(1755,'20250912','1009',0,'2026-01-04 14:58:35','2026-01-04 22:44:55',NULL,NULL,NULL,NULL,NULL,NULL,6,'N'),(1756,'20250913','1009',0,'2026-01-04 14:58:35','2026-01-04 22:44:55',NULL,NULL,NULL,NULL,NULL,NULL,6,'N'),(1757,'20250914','1009',0,'2026-01-04 14:58:35','2026-01-04 22:44:55',NULL,NULL,NULL,NULL,NULL,NULL,6,'N'),(1758,'20250920','1009',0,'2026-01-04 14:58:35','2026-01-04 22:44:55',NULL,NULL,NULL,NULL,NULL,NULL,7,'N'),(1759,'20250921','1009',0,'2026-01-04 14:58:35','2026-01-04 22:44:55',NULL,NULL,NULL,NULL,NULL,NULL,7,'N'),(1760,'20251003','1009',10,'2026-01-04 14:58:35','2026-01-04 22:44:55',NULL,NULL,NULL,NULL,NULL,NULL,8,'N'),(1761,'20251004','1009',9,'2026-01-04 14:58:35','2026-01-04 22:44:55',NULL,NULL,NULL,NULL,NULL,NULL,8,'N'),(1762,'20251005','1009',7,'2026-01-04 14:58:35','2026-01-04 22:44:55',NULL,NULL,NULL,NULL,NULL,NULL,8,'N'),(1763,'20251008','1009',8,'2026-01-04 14:58:35','2026-01-04 22:44:55',NULL,NULL,NULL,NULL,NULL,NULL,8,'N'),(1764,'20251009','1009',4,'2026-01-04 14:58:35','2026-01-04 22:44:55',NULL,NULL,NULL,NULL,NULL,NULL,8,'N'),(1765,'20251012','1009',7,'2026-01-04 14:58:35','2026-01-04 22:44:55',NULL,NULL,NULL,NULL,NULL,NULL,8,'N'),(1766,'20251107','1009',13,'2026-01-04 14:58:35','2026-01-04 22:44:55',NULL,NULL,NULL,NULL,NULL,NULL,9,'N'),(1767,'20251108','1009',17,'2026-01-04 14:58:35','2026-01-04 22:44:55',NULL,NULL,NULL,NULL,NULL,NULL,9,'N'),(1768,'20251109','1009',7,'2026-01-04 14:58:35','2026-01-04 22:44:55',NULL,NULL,NULL,NULL,NULL,NULL,9,'N'),(1769,'20251113','1009',16,'2026-01-04 14:58:35','2026-01-04 22:44:55',NULL,NULL,NULL,NULL,NULL,NULL,10,'N'),(1770,'20251114','1009',4,'2026-01-04 14:58:35','2026-01-04 22:44:55',NULL,NULL,NULL,NULL,NULL,NULL,10,'N'),(1771,'20251115','1009',12,'2026-01-04 14:58:35','2026-01-04 22:44:55',NULL,NULL,NULL,NULL,NULL,NULL,10,'N'),(1772,'20251116','1009',4,'2026-01-04 14:58:35','2026-01-04 22:44:55',NULL,NULL,NULL,NULL,NULL,NULL,10,'N'),(1773,'20251219','1009',11,'2026-01-04 14:58:35','2026-01-04 22:44:55',NULL,NULL,NULL,NULL,NULL,NULL,11,'N'),(1774,'20251220','1009',15,'2026-01-04 14:58:35','2026-01-04 22:44:55',NULL,NULL,NULL,NULL,NULL,NULL,11,'N'),(1775,'20251221','1009',13,'2026-01-04 14:58:35','2026-01-04 22:44:55',NULL,NULL,NULL,NULL,NULL,NULL,11,'N'),(1776,'20251222','1009',15,'2026-01-04 14:58:35','2026-01-04 22:44:55',NULL,NULL,NULL,NULL,NULL,NULL,11,'N'),(1777,'20251223','1009',16,'2026-01-04 14:58:35','2026-01-04 22:44:55',NULL,NULL,NULL,NULL,NULL,NULL,11,'N'),(1778,'20251224','1009',14,'2026-01-04 14:58:35','2026-01-04 22:44:55',NULL,NULL,NULL,NULL,NULL,NULL,11,'N'),(1779,'20251225','1009',13,'2026-01-04 14:58:35','2026-01-04 22:44:55',NULL,NULL,NULL,NULL,NULL,NULL,11,'N'),(1780,'20251227','1009',5,'2026-01-04 14:58:35','2026-01-04 22:44:55',NULL,NULL,NULL,NULL,NULL,NULL,12,'N'),(1781,'20251228','1009',27,'2026-01-04 14:58:35','2026-01-04 22:44:55',NULL,NULL,NULL,NULL,NULL,NULL,12,'N'),(1782,'20251229','1009',18,'2026-01-04 14:58:35','2026-01-04 22:44:55',NULL,NULL,NULL,NULL,NULL,NULL,12,'N'),(1783,'20251230','1009',20,'2026-01-04 14:58:35','2026-01-04 22:44:55',NULL,NULL,NULL,NULL,NULL,NULL,12,'N'),(1784,'20251231','1009',19,'2026-01-04 14:58:35','2026-01-04 22:44:55',NULL,NULL,NULL,NULL,NULL,NULL,12,'N'),(1785,'20260101','1009',7,'2026-01-04 14:58:35','2026-01-04 22:44:55',NULL,NULL,NULL,NULL,NULL,NULL,12,'N'),(1786,'20260102','1009',0,'2026-01-04 14:58:35','2026-01-04 22:44:55',NULL,NULL,NULL,NULL,NULL,NULL,13,'N'),(1787,'20260103','1009',0,'2026-01-04 14:58:35','2026-01-04 22:44:55',NULL,NULL,NULL,NULL,NULL,NULL,13,'N'),(1788,'20250627','1010',0,'2026-01-04 14:58:35','2026-01-04 22:44:55',NULL,NULL,NULL,NULL,NULL,NULL,1,'N'),(1789,'20250628','1010',0,'2026-01-04 14:58:35','2026-01-04 22:44:55',NULL,NULL,NULL,NULL,NULL,NULL,1,'N'),(1790,'20250629','1010',0,'2026-01-04 14:58:35','2026-01-04 22:44:55',NULL,NULL,NULL,NULL,NULL,NULL,1,'N'),(1791,'20250704','1010',0,'2026-01-04 14:58:35','2026-01-04 22:44:55',NULL,NULL,NULL,NULL,NULL,NULL,2,'N'),(1792,'20250705','1010',0,'2026-01-04 14:58:35','2026-01-04 22:44:55',NULL,NULL,NULL,NULL,NULL,NULL,2,'N'),(1793,'20250706','1010',0,'2026-01-04 14:58:35','2026-01-04 22:44:55',NULL,NULL,NULL,NULL,NULL,NULL,2,'N'),(1794,'20250707','1010',0,'2026-01-04 14:58:35','2026-01-04 22:44:55',NULL,NULL,NULL,NULL,NULL,NULL,2,'N'),(1795,'20250708','1010',0,'2026-01-04 14:58:35','2026-01-04 22:44:55',NULL,NULL,NULL,NULL,NULL,NULL,2,'N'),(1796,'20250709','1010',0,'2026-01-04 14:58:35','2026-01-04 22:44:55',NULL,NULL,NULL,NULL,NULL,NULL,2,'N'),(1797,'20250710','1010',0,'2026-01-04 14:58:35','2026-01-04 22:44:55',NULL,NULL,NULL,NULL,NULL,NULL,2,'N'),(1798,'20250711','1010',0,'2026-01-04 14:58:35','2026-01-04 22:44:55',NULL,NULL,NULL,NULL,NULL,NULL,2,'N'),(1799,'20250712','1010',0,'2026-01-04 14:58:35','2026-01-04 22:44:55',NULL,NULL,NULL,NULL,NULL,NULL,2,'N'),(1800,'20250713','1010',0,'2026-01-04 14:58:35','2026-01-04 22:44:55',NULL,NULL,NULL,NULL,NULL,NULL,2,'N'),(1801,'20250718','1010',0,'2026-01-04 14:58:35','2026-01-04 22:44:55',NULL,NULL,NULL,NULL,NULL,NULL,3,'N'),(1802,'20250719','1010',0,'2026-01-04 14:58:35','2026-01-04 22:44:55',NULL,NULL,NULL,NULL,NULL,NULL,3,'N'),(1803,'20250720','1010',0,'2026-01-04 14:58:35','2026-01-04 22:44:55',NULL,NULL,NULL,NULL,NULL,NULL,3,'N'),(1804,'20250822','1010',0,'2026-01-04 14:58:35','2026-01-04 22:44:55',NULL,NULL,NULL,NULL,NULL,NULL,4,'N'),(1805,'20250823','1010',0,'2026-01-04 14:58:35','2026-01-04 22:44:55',NULL,NULL,NULL,NULL,NULL,NULL,4,'N'),(1806,'20250824','1010',0,'2026-01-04 14:58:35','2026-01-04 22:44:55',NULL,NULL,NULL,NULL,NULL,NULL,4,'N'),(1807,'20250905','1010',0,'2026-01-04 14:58:35','2026-01-04 22:44:55',NULL,NULL,NULL,NULL,NULL,NULL,5,'N'),(1808,'20250907','1010',0,'2026-01-04 14:58:35','2026-01-04 22:44:55',NULL,NULL,NULL,NULL,NULL,NULL,5,'N'),(1809,'20250912','1010',0,'2026-01-04 14:58:35','2026-01-04 22:44:55',NULL,NULL,NULL,NULL,NULL,NULL,6,'N'),(1810,'20250913','1010',0,'2026-01-04 14:58:35','2026-01-04 22:44:55',NULL,NULL,NULL,NULL,NULL,NULL,6,'N'),(1811,'20250914','1010',0,'2026-01-04 14:58:35','2026-01-04 22:44:55',NULL,NULL,NULL,NULL,NULL,NULL,6,'N'),(1812,'20250920','1010',0,'2026-01-04 14:58:35','2026-01-04 22:44:55',NULL,NULL,NULL,NULL,NULL,NULL,7,'N'),(1813,'20250921','1010',0,'2026-01-04 14:58:35','2026-01-04 22:44:55',NULL,NULL,NULL,NULL,NULL,NULL,7,'N'),(1814,'20251003','1010',6,'2026-01-04 14:58:35','2026-01-04 22:44:55',NULL,NULL,NULL,NULL,NULL,NULL,8,'N'),(1815,'20251004','1010',27,'2026-01-04 14:58:35','2026-01-04 22:44:55',NULL,NULL,NULL,NULL,NULL,NULL,8,'N'),(1816,'20251005','1010',29,'2026-01-04 14:58:35','2026-01-04 22:44:55',NULL,NULL,NULL,NULL,NULL,NULL,8,'N'),(1817,'20251008','1010',18,'2026-01-04 14:58:35','2026-01-04 22:44:55',NULL,NULL,NULL,NULL,NULL,NULL,8,'N'),(1818,'20251009','1010',8,'2026-01-04 14:58:35','2026-01-04 22:44:55',NULL,NULL,NULL,NULL,NULL,NULL,8,'N'),(1819,'20251012','1010',45,'2026-01-04 14:58:35','2026-01-04 22:44:55',NULL,NULL,NULL,NULL,NULL,NULL,8,'N'),(1820,'20251107','1010',8,'2026-01-04 14:58:36','2026-01-04 22:44:55',NULL,NULL,NULL,NULL,NULL,NULL,9,'N'),(1821,'20251108','1010',25,'2026-01-04 14:58:36','2026-01-04 22:44:55',NULL,NULL,NULL,NULL,NULL,NULL,9,'N'),(1822,'20251109','1010',22,'2026-01-04 14:58:36','2026-01-04 22:44:55',NULL,NULL,NULL,NULL,NULL,NULL,9,'N'),(1823,'20251113','1010',13,'2026-01-04 14:58:36','2026-01-04 22:44:55',NULL,NULL,NULL,NULL,NULL,NULL,10,'N'),(1824,'20251114','1010',9,'2026-01-04 14:58:36','2026-01-04 22:44:55',NULL,NULL,NULL,NULL,NULL,NULL,10,'N'),(1825,'20251115','1010',10,'2026-01-04 14:58:36','2026-01-04 22:44:55',NULL,NULL,NULL,NULL,NULL,NULL,10,'N'),(1826,'20251116','1010',11,'2026-01-04 14:58:36','2026-01-04 22:44:55',NULL,NULL,NULL,NULL,NULL,NULL,10,'N'),(1827,'20251219','1010',19,'2026-01-04 14:58:36','2026-01-04 22:44:55',NULL,NULL,NULL,NULL,NULL,NULL,11,'N'),(1828,'20251220','1010',34,'2026-01-04 14:58:36','2026-01-04 22:44:55',NULL,NULL,NULL,NULL,NULL,NULL,11,'N'),(1829,'20251221','1010',26,'2026-01-04 14:58:36','2026-01-04 22:44:55',NULL,NULL,NULL,NULL,NULL,NULL,11,'N'),(1830,'20251222','1010',22,'2026-01-04 14:58:36','2026-01-04 22:44:55',NULL,NULL,NULL,NULL,NULL,NULL,11,'N'),(1831,'20251223','1010',27,'2026-01-04 14:58:36','2026-01-04 22:44:55',NULL,NULL,NULL,NULL,NULL,NULL,11,'N'),(1832,'20251224','1010',16,'2026-01-04 14:58:36','2026-01-04 22:44:55',NULL,NULL,NULL,NULL,NULL,NULL,11,'N'),(1833,'20251225','1010',26,'2026-01-04 14:58:36','2026-01-04 22:44:55',NULL,NULL,NULL,NULL,NULL,NULL,11,'N'),(1834,'20251227','1010',17,'2026-01-04 14:58:36','2026-01-04 22:44:55',NULL,NULL,NULL,NULL,NULL,NULL,12,'N'),(1835,'20251228','1010',19,'2026-01-04 14:58:36','2026-01-04 22:44:55',NULL,NULL,NULL,NULL,NULL,NULL,12,'N'),(1836,'20251229','1010',0,'2026-01-04 14:58:36','2026-01-04 22:44:55',NULL,NULL,NULL,NULL,NULL,NULL,12,'N'),(1837,'20251230','1010',0,'2026-01-04 14:58:36','2026-01-04 22:44:55',NULL,NULL,NULL,NULL,NULL,NULL,12,'N'),(1838,'20251231','1010',0,'2026-01-04 14:58:36','2026-01-04 22:44:55',NULL,NULL,NULL,NULL,NULL,NULL,12,'N'),(1839,'20260101','1010',14,'2026-01-04 14:58:36','2026-01-04 22:44:55',NULL,NULL,NULL,NULL,NULL,NULL,12,'N'),(1840,'20260102','1010',23,'2026-01-04 14:58:36','2026-01-04 22:44:55',NULL,NULL,NULL,NULL,NULL,NULL,13,'N'),(1841,'20260103','1010',27,'2026-01-04 14:58:36','2026-01-04 22:44:55',NULL,NULL,NULL,NULL,NULL,NULL,13,'N'),(1842,'20250627','1011',0,'2026-01-04 14:58:36','2026-01-04 22:44:55',NULL,NULL,NULL,NULL,NULL,NULL,1,'N'),(1843,'20250628','1011',0,'2026-01-04 14:58:36','2026-01-04 22:44:55',NULL,NULL,NULL,NULL,NULL,NULL,1,'N'),(1844,'20250629','1011',0,'2026-01-04 14:58:36','2026-01-04 22:44:55',NULL,NULL,NULL,NULL,NULL,NULL,1,'N'),(1845,'20250704','1011',0,'2026-01-04 14:58:36','2026-01-04 22:44:55',NULL,NULL,NULL,NULL,NULL,NULL,2,'N'),(1846,'20250705','1011',0,'2026-01-04 14:58:36','2026-01-04 22:44:55',NULL,NULL,NULL,NULL,NULL,NULL,2,'N'),(1847,'20250706','1011',0,'2026-01-04 14:58:36','2026-01-04 22:44:55',NULL,NULL,NULL,NULL,NULL,NULL,2,'N'),(1848,'20250707','1011',0,'2026-01-04 14:58:36','2026-01-04 22:44:55',NULL,NULL,NULL,NULL,NULL,NULL,2,'N'),(1849,'20250708','1011',0,'2026-01-04 14:58:36','2026-01-04 22:44:55',NULL,NULL,NULL,NULL,NULL,NULL,2,'N'),(1850,'20250709','1011',0,'2026-01-04 14:58:36','2026-01-04 22:44:55',NULL,NULL,NULL,NULL,NULL,NULL,2,'N'),(1851,'20250710','1011',0,'2026-01-04 14:58:36','2026-01-04 22:44:55',NULL,NULL,NULL,NULL,NULL,NULL,2,'N'),(1852,'20250711','1011',0,'2026-01-04 14:58:36','2026-01-04 22:44:55',NULL,NULL,NULL,NULL,NULL,NULL,2,'N'),(1853,'20250712','1011',0,'2026-01-04 14:58:36','2026-01-04 22:44:55',NULL,NULL,NULL,NULL,NULL,NULL,2,'N'),(1854,'20250713','1011',0,'2026-01-04 14:58:36','2026-01-04 22:44:55',NULL,NULL,NULL,NULL,NULL,NULL,2,'N'),(1855,'20250718','1011',0,'2026-01-04 14:58:36','2026-01-04 22:44:55',NULL,NULL,NULL,NULL,NULL,NULL,3,'N'),(1856,'20250719','1011',0,'2026-01-04 14:58:36','2026-01-04 22:44:55',NULL,NULL,NULL,NULL,NULL,NULL,3,'N'),(1857,'20250720','1011',0,'2026-01-04 14:58:36','2026-01-04 22:44:55',NULL,NULL,NULL,NULL,NULL,NULL,3,'N'),(1858,'20250822','1011',0,'2026-01-04 14:58:36','2026-01-04 22:44:55',NULL,NULL,NULL,NULL,NULL,NULL,4,'N'),(1859,'20250823','1011',0,'2026-01-04 14:58:36','2026-01-04 22:44:55',NULL,NULL,NULL,NULL,NULL,NULL,4,'N'),(1860,'20250824','1011',0,'2026-01-04 14:58:36','2026-01-04 22:44:55',NULL,NULL,NULL,NULL,NULL,NULL,4,'N'),(1861,'20250905','1011',0,'2026-01-04 14:58:36','2026-01-04 22:44:55',NULL,NULL,NULL,NULL,NULL,NULL,5,'N'),(1862,'20250907','1011',0,'2026-01-04 14:58:36','2026-01-04 22:44:55',NULL,NULL,NULL,NULL,NULL,NULL,5,'N'),(1863,'20250912','1011',0,'2026-01-04 14:58:36','2026-01-04 22:44:55',NULL,NULL,NULL,NULL,NULL,NULL,6,'N'),(1864,'20250913','1011',0,'2026-01-04 14:58:36','2026-01-04 22:44:55',NULL,NULL,NULL,NULL,NULL,NULL,6,'N'),(1865,'20250914','1011',0,'2026-01-04 14:58:36','2026-01-04 22:44:55',NULL,NULL,NULL,NULL,NULL,NULL,6,'N'),(1866,'20250920','1011',0,'2026-01-04 14:58:36','2026-01-04 22:44:55',NULL,NULL,NULL,NULL,NULL,NULL,7,'N'),(1867,'20250921','1011',0,'2026-01-04 14:58:36','2026-01-04 22:44:55',NULL,NULL,NULL,NULL,NULL,NULL,7,'N'),(1868,'20251003','1011',20,'2026-01-04 14:58:36','2026-01-04 22:44:55',NULL,NULL,NULL,NULL,NULL,NULL,8,'N'),(1869,'20251004','1011',0,'2026-01-04 14:58:36','2026-01-04 22:44:55',NULL,NULL,NULL,NULL,NULL,NULL,8,'N'),(1870,'20251005','1011',0,'2026-01-04 14:58:36','2026-01-04 22:44:55',NULL,NULL,NULL,NULL,NULL,NULL,8,'N'),(1871,'20251008','1011',0,'2026-01-04 14:58:36','2026-01-04 22:44:55',NULL,NULL,NULL,NULL,NULL,NULL,8,'N'),(1872,'20251009','1011',0,'2026-01-04 14:58:36','2026-01-04 22:44:55',NULL,NULL,NULL,NULL,NULL,NULL,8,'N'),(1873,'20251012','1011',0,'2026-01-04 14:58:36','2026-01-04 22:44:55',NULL,NULL,NULL,NULL,NULL,NULL,8,'N'),(1874,'20251107','1011',22,'2026-01-04 14:58:36','2026-01-04 22:44:55',NULL,NULL,NULL,NULL,NULL,NULL,9,'N'),(1875,'20251108','1011',24,'2026-01-04 14:58:36','2026-01-04 22:44:55',NULL,NULL,NULL,NULL,NULL,NULL,9,'N'),(1876,'20251109','1011',24,'2026-01-04 14:58:36','2026-01-04 22:44:55',NULL,NULL,NULL,NULL,NULL,NULL,9,'N'),(1877,'20251113','1011',27,'2026-01-04 14:58:36','2026-01-04 22:44:55',NULL,NULL,NULL,NULL,NULL,NULL,10,'N'),(1878,'20251114','1011',17,'2026-01-04 14:58:36','2026-01-04 22:44:55',NULL,NULL,NULL,NULL,NULL,NULL,10,'N'),(1879,'20251115','1011',20,'2026-01-04 14:58:36','2026-01-04 22:44:55',NULL,NULL,NULL,NULL,NULL,NULL,10,'N'),(1880,'20251116','1011',29,'2026-01-04 14:58:36','2026-01-04 22:44:55',NULL,NULL,NULL,NULL,NULL,NULL,10,'N'),(1881,'20251219','1011',8,'2026-01-04 14:58:36','2026-01-04 22:44:55',NULL,NULL,NULL,NULL,NULL,NULL,11,'N'),(1882,'20251220','1011',14,'2026-01-04 14:58:36','2026-01-04 22:44:55',NULL,NULL,NULL,NULL,NULL,NULL,11,'N'),(1883,'20251221','1011',18,'2026-01-04 14:58:36','2026-01-04 22:44:55',NULL,NULL,NULL,NULL,NULL,NULL,11,'N'),(1884,'20251222','1011',5,'2026-01-04 14:58:36','2026-01-04 22:44:55',NULL,NULL,NULL,NULL,NULL,NULL,11,'N'),(1885,'20251223','1011',12,'2026-01-04 14:58:36','2026-01-04 22:44:55',NULL,NULL,NULL,NULL,NULL,NULL,11,'N'),(1886,'20251224','1011',15,'2026-01-04 14:58:36','2026-01-04 22:44:55',NULL,NULL,NULL,NULL,NULL,NULL,11,'N'),(1887,'20251225','1011',18,'2026-01-04 14:58:36','2026-01-04 22:44:55',NULL,NULL,NULL,NULL,NULL,NULL,11,'N'),(1888,'20251227','1011',22,'2026-01-04 14:58:36','2026-01-04 22:44:55',NULL,NULL,NULL,NULL,NULL,NULL,12,'N'),(1889,'20251228','1011',34,'2026-01-04 14:58:36','2026-01-04 22:44:55',NULL,NULL,NULL,NULL,NULL,NULL,12,'N'),(1890,'20251229','1011',20,'2026-01-04 14:58:36','2026-01-04 22:44:55',NULL,NULL,NULL,NULL,NULL,NULL,12,'N'),(1891,'20251230','1011',32,'2026-01-04 14:58:36','2026-01-04 22:44:55',NULL,NULL,NULL,NULL,NULL,NULL,12,'N'),(1892,'20251231','1011',26,'2026-01-04 14:58:36','2026-01-04 22:44:55',NULL,NULL,NULL,NULL,NULL,NULL,12,'N'),(1893,'20260101','1011',7,'2026-01-04 14:58:36','2026-01-04 22:44:55',NULL,NULL,NULL,NULL,NULL,NULL,12,'N'),(1894,'20260102','1011',0,'2026-01-04 14:58:37','2026-01-04 22:44:55',NULL,NULL,NULL,NULL,NULL,NULL,13,'N'),(1895,'20260103','1011',0,'2026-01-04 14:58:37','2026-01-04 22:44:55',NULL,NULL,NULL,NULL,NULL,NULL,13,'N'),(1896,'20250627','1012',0,'2026-01-04 14:58:37','2026-01-04 22:44:55',NULL,NULL,NULL,NULL,NULL,NULL,1,'N'),(1897,'20250628','1012',0,'2026-01-04 14:58:37','2026-01-04 22:44:55',NULL,NULL,NULL,NULL,NULL,NULL,1,'N'),(1898,'20250629','1012',0,'2026-01-04 14:58:37','2026-01-04 22:44:55',NULL,NULL,NULL,NULL,NULL,NULL,1,'N'),(1899,'20250704','1012',0,'2026-01-04 14:58:37','2026-01-04 22:44:55',NULL,NULL,NULL,NULL,NULL,NULL,2,'N'),(1900,'20250705','1012',0,'2026-01-04 14:58:37','2026-01-04 22:44:55',NULL,NULL,NULL,NULL,NULL,NULL,2,'N'),(1901,'20250706','1012',0,'2026-01-04 14:58:37','2026-01-04 22:44:55',NULL,NULL,NULL,NULL,NULL,NULL,2,'N'),(1902,'20250707','1012',0,'2026-01-04 14:58:37','2026-01-04 22:44:55',NULL,NULL,NULL,NULL,NULL,NULL,2,'N'),(1903,'20250708','1012',0,'2026-01-04 14:58:37','2026-01-04 22:44:55',NULL,NULL,NULL,NULL,NULL,NULL,2,'N'),(1904,'20250709','1012',0,'2026-01-04 14:58:37','2026-01-04 22:44:55',NULL,NULL,NULL,NULL,NULL,NULL,2,'N'),(1905,'20250710','1012',0,'2026-01-04 14:58:37','2026-01-04 22:44:55',NULL,NULL,NULL,NULL,NULL,NULL,2,'N'),(1906,'20250711','1012',0,'2026-01-04 14:58:37','2026-01-04 22:44:55',NULL,NULL,NULL,NULL,NULL,NULL,2,'N'),(1907,'20250712','1012',0,'2026-01-04 14:58:37','2026-01-04 22:44:55',NULL,NULL,NULL,NULL,NULL,NULL,2,'N'),(1908,'20250713','1012',0,'2026-01-04 14:58:37','2026-01-04 22:44:55',NULL,NULL,NULL,NULL,NULL,NULL,2,'N'),(1909,'20250718','1012',0,'2026-01-04 14:58:37','2026-01-04 22:44:55',NULL,NULL,NULL,NULL,NULL,NULL,3,'N'),(1910,'20250719','1012',0,'2026-01-04 14:58:37','2026-01-04 22:44:55',NULL,NULL,NULL,NULL,NULL,NULL,3,'N'),(1911,'20250720','1012',0,'2026-01-04 14:58:37','2026-01-04 22:44:55',NULL,NULL,NULL,NULL,NULL,NULL,3,'N'),(1912,'20250822','1012',0,'2026-01-04 14:58:37','2026-01-04 22:44:55',NULL,NULL,NULL,NULL,NULL,NULL,4,'N'),(1913,'20250823','1012',0,'2026-01-04 14:58:37','2026-01-04 22:44:55',NULL,NULL,NULL,NULL,NULL,NULL,4,'N'),(1914,'20250824','1012',0,'2026-01-04 14:58:37','2026-01-04 22:44:55',NULL,NULL,NULL,NULL,NULL,NULL,4,'N'),(1915,'20250905','1012',0,'2026-01-04 14:58:37','2026-01-04 22:44:55',NULL,NULL,NULL,NULL,NULL,NULL,5,'N'),(1916,'20250907','1012',0,'2026-01-04 14:58:37','2026-01-04 22:44:55',NULL,NULL,NULL,NULL,NULL,NULL,5,'N'),(1917,'20250912','1012',0,'2026-01-04 14:58:37','2026-01-04 22:44:55',NULL,NULL,NULL,NULL,NULL,NULL,6,'N'),(1918,'20250913','1012',0,'2026-01-04 14:58:37','2026-01-04 22:44:55',NULL,NULL,NULL,NULL,NULL,NULL,6,'N'),(1919,'20250914','1012',0,'2026-01-04 14:58:37','2026-01-04 22:44:55',NULL,NULL,NULL,NULL,NULL,NULL,6,'N'),(1920,'20250920','1012',0,'2026-01-04 14:58:37','2026-01-04 22:44:55',NULL,NULL,NULL,NULL,NULL,NULL,7,'N'),(1921,'20250921','1012',0,'2026-01-04 14:58:37','2026-01-04 22:44:55',NULL,NULL,NULL,NULL,NULL,NULL,7,'N'),(1922,'20251003','1012',11,'2026-01-04 14:58:37','2026-01-04 22:44:55',NULL,NULL,NULL,NULL,NULL,NULL,8,'N'),(1923,'20251004','1012',9,'2026-01-04 14:58:37','2026-01-04 22:44:55',NULL,NULL,NULL,NULL,NULL,NULL,8,'N'),(1924,'20251005','1012',0,'2026-01-04 14:58:37','2026-01-04 22:44:55',NULL,NULL,NULL,NULL,NULL,NULL,8,'N'),(1925,'20251008','1012',0,'2026-01-04 14:58:37','2026-01-04 22:44:55',NULL,NULL,NULL,NULL,NULL,NULL,8,'N'),(1926,'20251009','1012',0,'2026-01-04 14:58:37','2026-01-04 22:44:55',NULL,NULL,NULL,NULL,NULL,NULL,8,'N'),(1927,'20251012','1012',0,'2026-01-04 14:58:37','2026-01-04 22:44:55',NULL,NULL,NULL,NULL,NULL,NULL,8,'N'),(1928,'20251107','1012',7,'2026-01-04 14:58:37','2026-01-04 22:44:55',NULL,NULL,NULL,NULL,NULL,NULL,9,'N'),(1929,'20251108','1012',10,'2026-01-04 14:58:37','2026-01-04 22:44:55',NULL,NULL,NULL,NULL,NULL,NULL,9,'N'),(1930,'20251109','1012',13,'2026-01-04 14:58:37','2026-01-04 22:44:55',NULL,NULL,NULL,NULL,NULL,NULL,9,'N'),(1931,'20251113','1012',16,'2026-01-04 14:58:37','2026-01-04 22:44:55',NULL,NULL,NULL,NULL,NULL,NULL,10,'N'),(1932,'20251114','1012',6,'2026-01-04 14:58:37','2026-01-04 22:44:55',NULL,NULL,NULL,NULL,NULL,NULL,10,'N'),(1933,'20251115','1012',12,'2026-01-04 14:58:37','2026-01-04 22:44:55',NULL,NULL,NULL,NULL,NULL,NULL,10,'N'),(1934,'20251116','1012',10,'2026-01-04 14:58:37','2026-01-04 22:44:55',NULL,NULL,NULL,NULL,NULL,NULL,10,'N'),(1935,'20251219','1012',4,'2026-01-04 14:58:37','2026-01-04 22:44:55',NULL,NULL,NULL,NULL,NULL,NULL,11,'N'),(1936,'20251220','1012',28,'2026-01-04 14:58:37','2026-01-04 22:44:55',NULL,NULL,NULL,NULL,NULL,NULL,11,'N'),(1937,'20251221','1012',9,'2026-01-04 14:58:37','2026-01-04 22:44:55',NULL,NULL,NULL,NULL,NULL,NULL,11,'N'),(1938,'20251222','1012',12,'2026-01-04 14:58:37','2026-01-04 22:44:55',NULL,NULL,NULL,NULL,NULL,NULL,11,'N'),(1939,'20251223','1012',6,'2026-01-04 14:58:37','2026-01-04 22:44:55',NULL,NULL,NULL,NULL,NULL,NULL,11,'N'),(1940,'20251224','1012',9,'2026-01-04 14:58:37','2026-01-04 22:44:55',NULL,NULL,NULL,NULL,NULL,NULL,11,'N'),(1941,'20251225','1012',9,'2026-01-04 14:58:37','2026-01-04 22:44:55',NULL,NULL,NULL,NULL,NULL,NULL,11,'N'),(1942,'20251227','1012',13,'2026-01-04 14:58:37','2026-01-04 22:44:55',NULL,NULL,NULL,NULL,NULL,NULL,12,'N'),(1943,'20251228','1012',16,'2026-01-04 14:58:37','2026-01-04 22:44:55',NULL,NULL,NULL,NULL,NULL,NULL,12,'N'),(1944,'20251229','1012',7,'2026-01-04 14:58:37','2026-01-04 22:44:55',NULL,NULL,NULL,NULL,NULL,NULL,12,'N'),(1945,'20251230','1012',2,'2026-01-04 14:58:37','2026-01-04 22:44:55',NULL,NULL,NULL,NULL,NULL,NULL,12,'N'),(1946,'20251231','1012',0,'2026-01-04 14:58:37','2026-01-04 22:44:55',NULL,NULL,NULL,NULL,NULL,NULL,12,'N'),(1947,'20260101','1012',11,'2026-01-04 14:58:37','2026-01-04 22:44:55',NULL,NULL,NULL,NULL,NULL,NULL,12,'N'),(1948,'20260102','1012',5,'2026-01-04 14:58:37','2026-01-04 22:44:55',NULL,NULL,NULL,NULL,NULL,NULL,13,'N'),(1949,'20260103','1012',8,'2026-01-04 14:58:37','2026-01-04 22:44:55',NULL,NULL,NULL,NULL,NULL,NULL,13,'N'),(1950,'20250627','1013',0,'2026-01-04 14:58:37','2026-01-04 22:44:55',NULL,NULL,NULL,NULL,NULL,NULL,1,'N'),(1951,'20250628','1013',0,'2026-01-04 14:58:37','2026-01-04 22:44:55',NULL,NULL,NULL,NULL,NULL,NULL,1,'N'),(1952,'20250629','1013',0,'2026-01-04 14:58:37','2026-01-04 22:44:55',NULL,NULL,NULL,NULL,NULL,NULL,1,'N'),(1953,'20250704','1013',0,'2026-01-04 14:58:37','2026-01-04 22:44:55',NULL,NULL,NULL,NULL,NULL,NULL,2,'N'),(1954,'20250705','1013',0,'2026-01-04 14:58:37','2026-01-04 22:44:55',NULL,NULL,NULL,NULL,NULL,NULL,2,'N'),(1955,'20250706','1013',0,'2026-01-04 14:58:37','2026-01-04 22:44:55',NULL,NULL,NULL,NULL,NULL,NULL,2,'N'),(1956,'20250707','1013',0,'2026-01-04 14:58:37','2026-01-04 22:44:55',NULL,NULL,NULL,NULL,NULL,NULL,2,'N'),(1957,'20250708','1013',0,'2026-01-04 14:58:37','2026-01-04 22:44:55',NULL,NULL,NULL,NULL,NULL,NULL,2,'N'),(1958,'20250709','1013',0,'2026-01-04 14:58:37','2026-01-04 22:44:55',NULL,NULL,NULL,NULL,NULL,NULL,2,'N'),(1959,'20250710','1013',0,'2026-01-04 14:58:37','2026-01-04 22:44:55',NULL,NULL,NULL,NULL,NULL,NULL,2,'N'),(1960,'20250711','1013',0,'2026-01-04 14:58:37','2026-01-04 22:44:55',NULL,NULL,NULL,NULL,NULL,NULL,2,'N'),(1961,'20250712','1013',0,'2026-01-04 14:58:37','2026-01-04 22:44:55',NULL,NULL,NULL,NULL,NULL,NULL,2,'N'),(1962,'20250713','1013',0,'2026-01-04 14:58:37','2026-01-04 22:44:55',NULL,NULL,NULL,NULL,NULL,NULL,2,'N'),(1963,'20250718','1013',0,'2026-01-04 14:58:37','2026-01-04 22:44:55',NULL,NULL,NULL,NULL,NULL,NULL,3,'N'),(1964,'20250719','1013',0,'2026-01-04 14:58:37','2026-01-04 22:44:55',NULL,NULL,NULL,NULL,NULL,NULL,3,'N'),(1965,'20250720','1013',0,'2026-01-04 14:58:37','2026-01-04 22:44:55',NULL,NULL,NULL,NULL,NULL,NULL,3,'N'),(1966,'20250822','1013',0,'2026-01-04 14:58:37','2026-01-04 22:44:55',NULL,NULL,NULL,NULL,NULL,NULL,4,'N'),(1967,'20250823','1013',0,'2026-01-04 14:58:37','2026-01-04 22:44:55',NULL,NULL,NULL,NULL,NULL,NULL,4,'N'),(1968,'20250824','1013',0,'2026-01-04 14:58:37','2026-01-04 22:44:55',NULL,NULL,NULL,NULL,NULL,NULL,4,'N'),(1969,'20250905','1013',0,'2026-01-04 14:58:37','2026-01-04 22:44:55',NULL,NULL,NULL,NULL,NULL,NULL,5,'N'),(1970,'20250907','1013',0,'2026-01-04 14:58:37','2026-01-04 22:44:55',NULL,NULL,NULL,NULL,NULL,NULL,5,'N'),(1971,'20250912','1013',0,'2026-01-04 14:58:37','2026-01-04 22:44:55',NULL,NULL,NULL,NULL,NULL,NULL,6,'N'),(1972,'20250913','1013',0,'2026-01-04 14:58:37','2026-01-04 22:44:55',NULL,NULL,NULL,NULL,NULL,NULL,6,'N'),(1973,'20250914','1013',0,'2026-01-04 14:58:38','2026-01-04 22:44:55',NULL,NULL,NULL,NULL,NULL,NULL,6,'N'),(1974,'20250920','1013',0,'2026-01-04 14:58:38','2026-01-04 22:44:55',NULL,NULL,NULL,NULL,NULL,NULL,7,'N'),(1975,'20250921','1013',0,'2026-01-04 14:58:38','2026-01-04 22:44:55',NULL,NULL,NULL,NULL,NULL,NULL,7,'N'),(1976,'20251003','1013',14,'2026-01-04 14:58:38','2026-01-04 22:44:55',NULL,NULL,NULL,NULL,NULL,NULL,8,'N'),(1977,'20251004','1013',12,'2026-01-04 14:58:38','2026-01-04 22:44:55',NULL,NULL,NULL,NULL,NULL,NULL,8,'N'),(1978,'20251005','1013',12,'2026-01-04 14:58:38','2026-01-04 22:44:55',NULL,NULL,NULL,NULL,NULL,NULL,8,'N'),(1979,'20251008','1013',13,'2026-01-04 14:58:38','2026-01-04 22:44:55',NULL,NULL,NULL,NULL,NULL,NULL,8,'N'),(1980,'20251009','1013',10,'2026-01-04 14:58:38','2026-01-04 22:44:55',NULL,NULL,NULL,NULL,NULL,NULL,8,'N'),(1981,'20251012','1013',14,'2026-01-04 14:58:38','2026-01-04 22:44:55',NULL,NULL,NULL,NULL,NULL,NULL,8,'N'),(1982,'20251107','1013',20,'2026-01-04 14:58:38','2026-01-04 22:44:55',NULL,NULL,NULL,NULL,NULL,NULL,9,'N'),(1983,'20251108','1013',33,'2026-01-04 14:58:38','2026-01-04 22:44:55',NULL,NULL,NULL,NULL,NULL,NULL,9,'N'),(1984,'20251109','1013',27,'2026-01-04 14:58:38','2026-01-04 22:44:55',NULL,NULL,NULL,NULL,NULL,NULL,9,'N'),(1985,'20251113','1013',20,'2026-01-04 14:58:38','2026-01-04 22:44:55',NULL,NULL,NULL,NULL,NULL,NULL,10,'N'),(1986,'20251114','1013',9,'2026-01-04 14:58:38','2026-01-04 22:44:55',NULL,NULL,NULL,NULL,NULL,NULL,10,'N'),(1987,'20251115','1013',11,'2026-01-04 14:58:38','2026-01-04 22:44:55',NULL,NULL,NULL,NULL,NULL,NULL,10,'N'),(1988,'20251116','1013',12,'2026-01-04 14:58:38','2026-01-04 22:44:55',NULL,NULL,NULL,NULL,NULL,NULL,10,'N'),(1989,'20251219','1013',19,'2026-01-04 14:58:38','2026-01-04 22:44:55',NULL,NULL,NULL,NULL,NULL,NULL,11,'N'),(1990,'20251220','1013',14,'2026-01-04 14:58:38','2026-01-04 22:44:55',NULL,NULL,NULL,NULL,NULL,NULL,11,'N'),(1991,'20251221','1013',22,'2026-01-04 14:58:38','2026-01-04 22:44:55',NULL,NULL,NULL,NULL,NULL,NULL,11,'N'),(1992,'20251222','1013',22,'2026-01-04 14:58:38','2026-01-04 22:44:55',NULL,NULL,NULL,NULL,NULL,NULL,11,'N'),(1993,'20251223','1013',28,'2026-01-04 14:58:38','2026-01-04 22:44:55',NULL,NULL,NULL,NULL,NULL,NULL,11,'N'),(1994,'20251224','1013',33,'2026-01-04 14:58:38','2026-01-04 22:44:55',NULL,NULL,NULL,NULL,NULL,NULL,11,'N'),(1995,'20251225','1013',22,'2026-01-04 14:58:38','2026-01-04 22:44:55',NULL,NULL,NULL,NULL,NULL,NULL,11,'N'),(1996,'20251227','1013',38,'2026-01-04 14:58:38','2026-01-04 22:44:55',NULL,NULL,NULL,NULL,NULL,NULL,12,'N'),(1997,'20251228','1013',23,'2026-01-04 14:58:38','2026-01-04 22:44:55',NULL,NULL,NULL,NULL,NULL,NULL,12,'N'),(1998,'20251229','1013',20,'2026-01-04 14:58:38','2026-01-04 22:44:55',NULL,NULL,NULL,NULL,NULL,NULL,12,'N'),(1999,'20251230','1013',22,'2026-01-04 14:58:38','2026-01-04 22:44:55',NULL,NULL,NULL,NULL,NULL,NULL,12,'N'),(2000,'20251231','1013',34,'2026-01-04 14:58:38','2026-01-04 22:44:55',NULL,NULL,NULL,NULL,NULL,NULL,12,'N'),(2001,'20260101','1013',25,'2026-01-04 14:58:38','2026-01-04 22:44:55',NULL,NULL,NULL,NULL,NULL,NULL,12,'N'),(2002,'20260102','1013',33,'2026-01-04 14:58:38','2026-01-04 22:44:55',NULL,NULL,NULL,NULL,NULL,NULL,13,'N'),(2003,'20260103','1013',28,'2026-01-04 14:58:38','2026-01-04 22:44:55',NULL,NULL,NULL,NULL,NULL,NULL,13,'N'),(2004,'20250627','1014',0,'2026-01-04 14:58:38','2026-01-04 22:44:55',NULL,NULL,NULL,NULL,NULL,NULL,1,'N'),(2005,'20250628','1014',0,'2026-01-04 14:58:38','2026-01-04 22:44:55',NULL,NULL,NULL,NULL,NULL,NULL,1,'N'),(2006,'20250629','1014',0,'2026-01-04 14:58:38','2026-01-04 22:44:55',NULL,NULL,NULL,NULL,NULL,NULL,1,'N'),(2007,'20250704','1014',0,'2026-01-04 14:58:38','2026-01-04 22:44:55',NULL,NULL,NULL,NULL,NULL,NULL,2,'N'),(2008,'20250705','1014',0,'2026-01-04 14:58:38','2026-01-04 22:44:55',NULL,NULL,NULL,NULL,NULL,NULL,2,'N'),(2009,'20250706','1014',0,'2026-01-04 14:58:38','2026-01-04 22:44:55',NULL,NULL,NULL,NULL,NULL,NULL,2,'N'),(2010,'20250707','1014',0,'2026-01-04 14:58:38','2026-01-04 22:44:55',NULL,NULL,NULL,NULL,NULL,NULL,2,'N'),(2011,'20250708','1014',0,'2026-01-04 14:58:38','2026-01-04 22:44:55',NULL,NULL,NULL,NULL,NULL,NULL,2,'N'),(2012,'20250709','1014',0,'2026-01-04 14:58:38','2026-01-04 22:44:55',NULL,NULL,NULL,NULL,NULL,NULL,2,'N'),(2013,'20250710','1014',0,'2026-01-04 14:58:38','2026-01-04 22:44:55',NULL,NULL,NULL,NULL,NULL,NULL,2,'N'),(2014,'20250711','1014',0,'2026-01-04 14:58:38','2026-01-04 22:44:55',NULL,NULL,NULL,NULL,NULL,NULL,2,'N'),(2015,'20250712','1014',0,'2026-01-04 14:58:38','2026-01-04 22:44:55',NULL,NULL,NULL,NULL,NULL,NULL,2,'N'),(2016,'20250713','1014',0,'2026-01-04 14:58:38','2026-01-04 22:44:55',NULL,NULL,NULL,NULL,NULL,NULL,2,'N'),(2017,'20250718','1014',0,'2026-01-04 14:58:38','2026-01-04 22:44:55',NULL,NULL,NULL,NULL,NULL,NULL,3,'N'),(2018,'20250719','1014',0,'2026-01-04 14:58:38','2026-01-04 22:44:55',NULL,NULL,NULL,NULL,NULL,NULL,3,'N'),(2019,'20250720','1014',0,'2026-01-04 14:58:38','2026-01-04 22:44:55',NULL,NULL,NULL,NULL,NULL,NULL,3,'N'),(2020,'20250822','1014',0,'2026-01-04 14:58:38','2026-01-04 22:44:55',NULL,NULL,NULL,NULL,NULL,NULL,4,'N'),(2021,'20250823','1014',0,'2026-01-04 14:58:38','2026-01-04 22:44:55',NULL,NULL,NULL,NULL,NULL,NULL,4,'N'),(2022,'20250824','1014',0,'2026-01-04 14:58:38','2026-01-04 22:44:55',NULL,NULL,NULL,NULL,NULL,NULL,4,'N'),(2023,'20250905','1014',0,'2026-01-04 14:58:38','2026-01-04 22:44:55',NULL,NULL,NULL,NULL,NULL,NULL,5,'N'),(2024,'20250907','1014',0,'2026-01-04 14:58:38','2026-01-04 22:44:55',NULL,NULL,NULL,NULL,NULL,NULL,5,'N'),(2025,'20250912','1014',0,'2026-01-04 14:58:38','2026-01-04 22:44:55',NULL,NULL,NULL,NULL,NULL,NULL,6,'N'),(2026,'20250913','1014',0,'2026-01-04 14:58:38','2026-01-04 22:44:55',NULL,NULL,NULL,NULL,NULL,NULL,6,'N'),(2027,'20250914','1014',0,'2026-01-04 14:58:38','2026-01-04 22:44:55',NULL,NULL,NULL,NULL,NULL,NULL,6,'N'),(2028,'20250920','1014',0,'2026-01-04 14:58:38','2026-01-04 22:44:55',NULL,NULL,NULL,NULL,NULL,NULL,7,'N'),(2029,'20250921','1014',0,'2026-01-04 14:58:38','2026-01-04 22:44:55',NULL,NULL,NULL,NULL,NULL,NULL,7,'N'),(2030,'20251003','1014',0,'2026-01-04 14:58:38','2026-01-04 22:44:55',NULL,NULL,NULL,NULL,NULL,NULL,8,'N'),(2031,'20251004','1014',0,'2026-01-04 14:58:38','2026-01-04 22:44:55',NULL,NULL,NULL,NULL,NULL,NULL,8,'N'),(2032,'20251005','1014',0,'2026-01-04 14:58:38','2026-01-04 22:44:55',NULL,NULL,NULL,NULL,NULL,NULL,8,'N'),(2033,'20251008','1014',0,'2026-01-04 14:58:38','2026-01-04 22:44:55',NULL,NULL,NULL,NULL,NULL,NULL,8,'N'),(2034,'20251009','1014',0,'2026-01-04 14:58:38','2026-01-04 22:44:55',NULL,NULL,NULL,NULL,NULL,NULL,8,'N'),(2035,'20251012','1014',0,'2026-01-04 14:58:38','2026-01-04 22:44:55',NULL,NULL,NULL,NULL,NULL,NULL,8,'N'),(2036,'20251107','1014',14,'2026-01-04 14:58:38','2026-01-04 22:44:55',NULL,NULL,NULL,NULL,NULL,NULL,9,'N'),(2037,'20251108','1014',16,'2026-01-04 14:58:38','2026-01-04 22:44:55',NULL,NULL,NULL,NULL,NULL,NULL,9,'N'),(2038,'20251109','1014',27,'2026-01-04 14:58:38','2026-01-04 22:44:55',NULL,NULL,NULL,NULL,NULL,NULL,9,'N'),(2039,'20251113','1014',13,'2026-01-04 14:58:38','2026-01-04 22:44:55',NULL,NULL,NULL,NULL,NULL,NULL,10,'N'),(2040,'20251114','1014',6,'2026-01-04 14:58:38','2026-01-04 22:44:55',NULL,NULL,NULL,NULL,NULL,NULL,10,'N'),(2041,'20251115','1014',4,'2026-01-04 14:58:38','2026-01-04 22:44:55',NULL,NULL,NULL,NULL,NULL,NULL,10,'N'),(2042,'20251116','1014',3,'2026-01-04 14:58:38','2026-01-04 22:44:55',NULL,NULL,NULL,NULL,NULL,NULL,10,'N'),(2043,'20251219','1014',11,'2026-01-04 14:58:38','2026-01-04 22:44:55',NULL,NULL,NULL,NULL,NULL,NULL,11,'N'),(2044,'20251220','1014',7,'2026-01-04 14:58:39','2026-01-04 22:44:55',NULL,NULL,NULL,NULL,NULL,NULL,11,'N'),(2045,'20251221','1014',11,'2026-01-04 14:58:39','2026-01-04 22:44:55',NULL,NULL,NULL,NULL,NULL,NULL,11,'N'),(2046,'20251222','1014',14,'2026-01-04 14:58:39','2026-01-04 22:44:55',NULL,NULL,NULL,NULL,NULL,NULL,11,'N'),(2047,'20251223','1014',7,'2026-01-04 14:58:39','2026-01-04 22:44:55',NULL,NULL,NULL,NULL,NULL,NULL,11,'N'),(2048,'20251224','1014',14,'2026-01-04 14:58:39','2026-01-04 22:44:55',NULL,NULL,NULL,NULL,NULL,NULL,11,'N'),(2049,'20251225','1014',11,'2026-01-04 14:58:39','2026-01-04 22:44:55',NULL,NULL,NULL,NULL,NULL,NULL,11,'N'),(2050,'20251227','1014',25,'2026-01-04 14:58:39','2026-01-04 22:44:55',NULL,NULL,NULL,NULL,NULL,NULL,12,'N'),(2051,'20251228','1014',14,'2026-01-04 14:58:39','2026-01-04 22:44:55',NULL,NULL,NULL,NULL,NULL,NULL,12,'N'),(2052,'20251229','1014',9,'2026-01-04 14:58:39','2026-01-04 22:44:55',NULL,NULL,NULL,NULL,NULL,NULL,12,'N'),(2053,'20251230','1014',12,'2026-01-04 14:58:39','2026-01-04 22:44:55',NULL,NULL,NULL,NULL,NULL,NULL,12,'N'),(2054,'20251231','1014',27,'2026-01-04 14:58:39','2026-01-04 22:44:55',NULL,NULL,NULL,NULL,NULL,NULL,12,'N'),(2055,'20260101','1014',17,'2026-01-04 14:58:39','2026-01-04 22:44:55',NULL,NULL,NULL,NULL,NULL,NULL,12,'N'),(2056,'20260102','1014',11,'2026-01-04 14:58:39','2026-01-04 22:44:55',NULL,NULL,NULL,NULL,NULL,NULL,13,'N'),(2057,'20260103','1014',8,'2026-01-04 14:58:39','2026-01-04 22:44:55',NULL,NULL,NULL,NULL,NULL,NULL,13,'N'),(2058,'20250627','1015',0,'2026-01-04 14:58:39','2026-01-04 22:44:55',NULL,NULL,NULL,NULL,NULL,NULL,1,'N'),(2059,'20250628','1015',0,'2026-01-04 14:58:39','2026-01-04 22:44:55',NULL,NULL,NULL,NULL,NULL,NULL,1,'N'),(2060,'20250629','1015',0,'2026-01-04 14:58:39','2026-01-04 22:44:55',NULL,NULL,NULL,NULL,NULL,NULL,1,'N'),(2061,'20250704','1015',0,'2026-01-04 14:58:39','2026-01-04 22:44:55',NULL,NULL,NULL,NULL,NULL,NULL,2,'N'),(2062,'20250705','1015',0,'2026-01-04 14:58:39','2026-01-04 22:44:55',NULL,NULL,NULL,NULL,NULL,NULL,2,'N'),(2063,'20250706','1015',0,'2026-01-04 14:58:39','2026-01-04 22:44:55',NULL,NULL,NULL,NULL,NULL,NULL,2,'N'),(2064,'20250707','1015',0,'2026-01-04 14:58:39','2026-01-04 22:44:55',NULL,NULL,NULL,NULL,NULL,NULL,2,'N'),(2065,'20250708','1015',0,'2026-01-04 14:58:39','2026-01-04 22:44:55',NULL,NULL,NULL,NULL,NULL,NULL,2,'N'),(2066,'20250709','1015',0,'2026-01-04 14:58:39','2026-01-04 22:44:55',NULL,NULL,NULL,NULL,NULL,NULL,2,'N'),(2067,'20250710','1015',0,'2026-01-04 14:58:39','2026-01-04 22:44:55',NULL,NULL,NULL,NULL,NULL,NULL,2,'N'),(2068,'20250711','1015',0,'2026-01-04 14:58:39','2026-01-04 22:44:55',NULL,NULL,NULL,NULL,NULL,NULL,2,'N'),(2069,'20250712','1015',0,'2026-01-04 14:58:39','2026-01-04 22:44:55',NULL,NULL,NULL,NULL,NULL,NULL,2,'N'),(2070,'20250713','1015',0,'2026-01-04 14:58:39','2026-01-04 22:44:55',NULL,NULL,NULL,NULL,NULL,NULL,2,'N'),(2071,'20250718','1015',0,'2026-01-04 14:58:39','2026-01-04 22:44:55',NULL,NULL,NULL,NULL,NULL,NULL,3,'N'),(2072,'20250719','1015',0,'2026-01-04 14:58:39','2026-01-04 22:44:55',NULL,NULL,NULL,NULL,NULL,NULL,3,'N'),(2073,'20250720','1015',0,'2026-01-04 14:58:39','2026-01-04 22:44:55',NULL,NULL,NULL,NULL,NULL,NULL,3,'N'),(2074,'20250822','1015',0,'2026-01-04 14:58:39','2026-01-04 22:44:55',NULL,NULL,NULL,NULL,NULL,NULL,4,'N'),(2075,'20250823','1015',0,'2026-01-04 14:58:39','2026-01-04 22:44:55',NULL,NULL,NULL,NULL,NULL,NULL,4,'N'),(2076,'20250824','1015',0,'2026-01-04 14:58:39','2026-01-04 22:44:55',NULL,NULL,NULL,NULL,NULL,NULL,4,'N'),(2077,'20250905','1015',0,'2026-01-04 14:58:39','2026-01-04 22:44:55',NULL,NULL,NULL,NULL,NULL,NULL,5,'N'),(2078,'20250907','1015',0,'2026-01-04 14:58:39','2026-01-04 22:44:55',NULL,NULL,NULL,NULL,NULL,NULL,5,'N'),(2079,'20250912','1015',0,'2026-01-04 14:58:39','2026-01-04 22:44:55',NULL,NULL,NULL,NULL,NULL,NULL,6,'N'),(2080,'20250913','1015',0,'2026-01-04 14:58:39','2026-01-04 22:44:55',NULL,NULL,NULL,NULL,NULL,NULL,6,'N'),(2081,'20250914','1015',0,'2026-01-04 14:58:39','2026-01-04 22:44:55',NULL,NULL,NULL,NULL,NULL,NULL,6,'N'),(2082,'20250920','1015',0,'2026-01-04 14:58:39','2026-01-04 22:44:55',NULL,NULL,NULL,NULL,NULL,NULL,7,'N'),(2083,'20250921','1015',0,'2026-01-04 14:58:39','2026-01-04 22:44:55',NULL,NULL,NULL,NULL,NULL,NULL,7,'N'),(2084,'20251003','1015',0,'2026-01-04 14:58:39','2026-01-04 22:44:55',NULL,NULL,NULL,NULL,NULL,NULL,8,'N'),(2085,'20251004','1015',0,'2026-01-04 14:58:39','2026-01-04 22:44:55',NULL,NULL,NULL,NULL,NULL,NULL,8,'N'),(2086,'20251005','1015',0,'2026-01-04 14:58:39','2026-01-04 22:44:55',NULL,NULL,NULL,NULL,NULL,NULL,8,'N'),(2087,'20251008','1015',0,'2026-01-04 14:58:39','2026-01-04 22:44:55',NULL,NULL,NULL,NULL,NULL,NULL,8,'N'),(2088,'20251009','1015',0,'2026-01-04 14:58:39','2026-01-04 22:44:55',NULL,NULL,NULL,NULL,NULL,NULL,8,'N'),(2089,'20251012','1015',0,'2026-01-04 14:58:39','2026-01-04 22:44:55',NULL,NULL,NULL,NULL,NULL,NULL,8,'N'),(2090,'20251107','1015',0,'2026-01-04 14:58:39','2026-01-04 22:44:55',NULL,NULL,NULL,NULL,NULL,NULL,9,'N'),(2091,'20251108','1015',0,'2026-01-04 14:58:39','2026-01-04 22:44:55',NULL,NULL,NULL,NULL,NULL,NULL,9,'N'),(2092,'20251109','1015',0,'2026-01-04 14:58:39','2026-01-04 22:44:55',NULL,NULL,NULL,NULL,NULL,NULL,9,'N'),(2093,'20251113','1015',0,'2026-01-04 14:58:39','2026-01-04 22:44:55',NULL,NULL,NULL,NULL,NULL,NULL,10,'N'),(2094,'20251114','1015',0,'2026-01-04 14:58:39','2026-01-04 22:44:55',NULL,NULL,NULL,NULL,NULL,NULL,10,'N'),(2095,'20251115','1015',0,'2026-01-04 14:58:39','2026-01-04 22:44:55',NULL,NULL,NULL,NULL,NULL,NULL,10,'N'),(2096,'20251116','1015',0,'2026-01-04 14:58:39','2026-01-04 22:44:55',NULL,NULL,NULL,NULL,NULL,NULL,10,'N'),(2097,'20251219','1015',6,'2026-01-04 14:58:39','2026-01-04 22:44:55',NULL,NULL,NULL,NULL,NULL,NULL,11,'N'),(2098,'20251220','1015',19,'2026-01-04 14:58:39','2026-01-04 22:44:55',NULL,NULL,NULL,NULL,NULL,NULL,11,'N'),(2099,'20251221','1015',34,'2026-01-04 14:58:39','2026-01-04 22:44:55',NULL,NULL,NULL,NULL,NULL,NULL,11,'N'),(2100,'20251222','1015',0,'2026-01-04 14:58:39','2026-01-04 22:44:55',NULL,NULL,NULL,NULL,NULL,NULL,11,'N'),(2101,'20251223','1015',0,'2026-01-04 14:58:39','2026-01-04 22:44:55',NULL,NULL,NULL,NULL,NULL,NULL,11,'N'),(2102,'20251224','1015',0,'2026-01-04 14:58:39','2026-01-04 22:44:55',NULL,NULL,NULL,NULL,NULL,NULL,11,'N'),(2103,'20251225','1015',34,'2026-01-04 14:58:39','2026-01-04 22:44:55',NULL,NULL,NULL,NULL,NULL,NULL,11,'N'),(2104,'20251227','1015',16,'2026-01-04 14:58:39','2026-01-04 22:44:55',NULL,NULL,NULL,NULL,NULL,NULL,12,'N'),(2105,'20251228','1015',0,'2026-01-04 14:58:39','2026-01-04 22:44:55',NULL,NULL,NULL,NULL,NULL,NULL,12,'N'),(2106,'20251229','1015',0,'2026-01-04 14:58:39','2026-01-04 22:44:55',NULL,NULL,NULL,NULL,NULL,NULL,12,'N'),(2107,'20251230','1015',30,'2026-01-04 14:58:39','2026-01-04 22:44:55',NULL,NULL,NULL,NULL,NULL,NULL,12,'N'),(2108,'20251231','1015',0,'2026-01-04 14:58:39','2026-01-04 22:44:55',NULL,NULL,NULL,NULL,NULL,NULL,12,'N'),(2109,'20260101','1015',30,'2026-01-04 14:58:39','2026-01-04 22:44:55',NULL,NULL,NULL,NULL,NULL,NULL,12,'N'),(2110,'20260102','1015',22,'2026-01-04 14:58:39','2026-01-04 22:44:55',NULL,NULL,NULL,NULL,NULL,NULL,13,'N'),(2111,'20260103','1015',31,'2026-01-04 14:58:39','2026-01-04 22:44:55',NULL,NULL,NULL,NULL,NULL,NULL,13,'N'),(2112,'20250720','1001',-16,'2026-01-05 14:32:24','2026-01-05 15:48:35',NULL,NULL,NULL,'99',NULL,NULL,3,'N'),(2113,'20250720','1002',7,'2026-01-05 14:32:26','2026-01-05 15:48:34',NULL,NULL,NULL,'99',NULL,NULL,3,'N'),(2114,'20250720','1003',7,'2026-01-05 14:32:27','2026-01-05 15:48:34',NULL,NULL,NULL,'99',NULL,NULL,3,'N'),(2115,'20250720','1004',19,'2026-01-05 14:32:28','2026-01-05 15:48:34',NULL,NULL,NULL,'99',NULL,NULL,3,'N'),(2116,'20250720','1005',9,'2026-01-05 14:32:29','2026-01-05 15:48:34',NULL,NULL,NULL,'99',NULL,NULL,3,'N'),(2117,'20250720','1006',7,'2026-01-05 14:32:30','2026-01-05 15:48:34',NULL,NULL,NULL,'99',NULL,NULL,3,'N'),(2118,'20250720','1007',4,'2026-01-05 14:32:32','2026-01-05 15:48:35',NULL,NULL,NULL,'99',NULL,NULL,3,'N'),(2119,'20250824','1001',50,'2026-01-05 14:32:33','2026-01-05 15:48:37',NULL,NULL,NULL,'99',NULL,NULL,4,'N'),(2120,'20250824','1004',31,'2026-01-05 14:32:34','2026-01-05 15:48:36',NULL,NULL,NULL,'99',NULL,NULL,4,'N'),(2121,'20250824','1005',31,'2026-01-05 14:32:35','2026-01-05 15:48:36',NULL,NULL,NULL,'99',NULL,NULL,4,'N'),(2122,'20250824','1006',1,'2026-01-05 14:32:36','2026-01-05 15:48:35',NULL,NULL,NULL,'99',NULL,NULL,4,'N'),(2123,'20250824','1007',-1,'2026-01-05 14:32:37','2026-01-05 15:48:36',NULL,NULL,NULL,'99',NULL,NULL,4,'N'),(2124,'20250907','1002',2,'2026-01-05 14:32:38','2026-01-05 15:48:37',NULL,NULL,NULL,'99',NULL,NULL,5,'N'),(2125,'20250907','1004',-1,'2026-01-05 14:32:39','2026-01-05 15:48:38',NULL,NULL,NULL,'99',NULL,NULL,5,'N'),(2126,'20250907','1006',2,'2026-01-05 14:32:40','2026-01-05 15:48:38',NULL,NULL,NULL,'99',NULL,NULL,5,'N'),(2127,'20250907','1007',1,'2026-01-05 14:32:41','2026-01-05 15:48:38',NULL,NULL,NULL,'99',NULL,NULL,5,'N'),(2128,'20250914','1001',9,'2026-01-05 14:32:42','2026-01-05 15:48:40',NULL,NULL,NULL,'99',NULL,NULL,6,'N'),(2129,'20250914','1002',12,'2026-01-05 14:32:43','2026-01-05 15:48:38',NULL,NULL,NULL,'99',NULL,NULL,6,'N'),(2130,'20250914','1003',4,'2026-01-05 14:32:46','2026-01-05 15:48:40',NULL,NULL,NULL,'99',NULL,NULL,6,'N'),(2131,'20250914','1004',4,'2026-01-05 14:32:47','2026-01-05 15:48:40',NULL,NULL,NULL,'99',NULL,NULL,6,'N'),(2132,'20250914','1005',3,'2026-01-05 14:32:48','2026-01-05 15:48:39',NULL,NULL,NULL,'99',NULL,NULL,6,'N'),(2133,'20250914','1007',-1,'2026-01-05 14:32:51','2026-01-05 15:48:39',NULL,NULL,NULL,'99',NULL,NULL,6,'N'),(2134,'20250914','1008',3,'2026-01-05 14:32:52','2026-01-05 15:48:39',NULL,NULL,NULL,'99',NULL,NULL,6,'N'),(2135,'20250921','1001',-3,'2026-01-05 14:32:56','2026-01-05 15:48:40',NULL,NULL,NULL,'99',NULL,NULL,7,'N'),(2136,'20250921','1004',-1,'2026-01-05 14:32:57','2026-01-05 15:48:41',NULL,NULL,NULL,'99',NULL,NULL,7,'N'),(2137,'20250921','1005',-7,'2026-01-05 14:32:58','2026-01-05 15:48:41',NULL,NULL,NULL,'99',NULL,NULL,7,'N'),(2138,'20250921','1006',4,'2026-01-05 14:32:59','2026-01-05 15:48:41',NULL,NULL,NULL,'99',NULL,NULL,7,'N'),(2139,'20250921','1007',8,'2026-01-05 14:33:00','2026-01-05 15:48:41',NULL,NULL,NULL,'99',NULL,NULL,7,'N'),(2140,'20250921','1008',2,'2026-01-05 14:33:01','2026-01-05 15:48:41',NULL,NULL,NULL,'99',NULL,NULL,7,'N'),(2141,'20251012','1001',8,'2026-01-05 14:33:03','2026-01-05 15:48:44',NULL,NULL,NULL,'99',NULL,NULL,8,'N'),(2142,'20251012','1002',7,'2026-01-05 14:33:04','2026-01-05 15:48:43',NULL,NULL,NULL,'99',NULL,NULL,8,'N'),(2143,'20251012','1003',3,'2026-01-05 14:33:05','2026-01-05 15:48:43',NULL,NULL,NULL,'99',NULL,NULL,8,'N'),(2144,'20251012','1004',4,'2026-01-05 14:33:06','2026-01-05 15:48:43',NULL,NULL,NULL,'99',NULL,NULL,8,'N'),(2145,'20251012','1005',8,'2026-01-05 14:33:07','2026-01-05 15:48:43',NULL,NULL,NULL,'99',NULL,NULL,8,'N'),(2146,'20251012','1006',-2,'2026-01-05 14:33:08','2026-01-05 15:48:44',NULL,NULL,NULL,'99',NULL,NULL,8,'N'),(2147,'20251012','1007',1,'2026-01-05 14:33:09','2026-01-05 15:48:42',NULL,NULL,NULL,'99',NULL,NULL,8,'N'),(2148,'20251012','1008',2,'2026-01-05 14:33:09','2026-01-05 15:48:42',NULL,NULL,NULL,'99',NULL,NULL,8,'N'),(2149,'20251012','1009',8,'2026-01-05 14:33:10','2026-01-05 15:48:42',NULL,NULL,NULL,'99',NULL,NULL,8,'N'),(2150,'20251012','1010',19,'2026-01-05 14:33:12','2026-01-05 15:48:42',NULL,NULL,NULL,'99',NULL,NULL,8,'N'),(2151,'20251012','1013',25,'2026-01-05 14:33:13','2026-01-05 15:48:41',NULL,NULL,NULL,'99',NULL,NULL,8,'N'),(2152,'20251109','1002',6,'2026-01-05 14:33:20','2026-01-05 15:48:45',NULL,NULL,NULL,'99',NULL,NULL,9,'N'),(2153,'20251109','1004',-2,'2026-01-05 14:33:21','2026-01-05 15:48:45',NULL,NULL,NULL,'99',NULL,NULL,9,'N'),(2154,'20251109','1006',6,'2026-01-05 14:33:22','2026-01-05 15:48:45',NULL,NULL,NULL,'99',NULL,NULL,9,'N'),(2155,'20251109','1007',1,'2026-01-05 14:33:23','2026-01-05 15:48:45',NULL,NULL,NULL,'99',NULL,NULL,9,'N'),(2156,'20251109','1008',-1,'2026-01-05 14:33:24','2026-01-05 15:48:44',NULL,NULL,NULL,'99',NULL,NULL,9,'N'),(2157,'20251109','1010',2,'2026-01-05 14:33:25','2026-01-05 15:48:44',NULL,NULL,NULL,'99',NULL,NULL,9,'N'),(2158,'20251109','1013',26,'2026-01-05 14:33:25','2026-01-05 15:48:44',NULL,NULL,NULL,'99',NULL,NULL,9,'N'),(2159,'20251109','1014',6,'2026-01-05 14:33:26','2026-01-05 15:48:44',NULL,NULL,NULL,'99',NULL,NULL,9,'N'),(2160,'20251116','1001',7,'2026-01-05 14:33:28','2026-01-05 15:48:46',NULL,NULL,NULL,'99',NULL,NULL,10,'N'),(2161,'20251116','1003',2,'2026-01-05 14:33:30','2026-01-05 15:48:46',NULL,NULL,NULL,'99',NULL,NULL,10,'N'),(2162,'20251116','1004',3,'2026-01-05 14:33:31','2026-01-05 15:48:46',NULL,NULL,NULL,'99',NULL,NULL,10,'N'),(2163,'20251116','1005',-1,'2026-01-05 14:33:32','2026-01-05 15:48:46',NULL,NULL,NULL,'99',NULL,NULL,10,'N'),(2164,'20251116','1006',1,'2026-01-05 14:33:33','2026-01-05 15:48:46',NULL,NULL,NULL,'99',NULL,NULL,10,'N'),(2165,'20251116','1007',1,'2026-01-05 14:33:34','2026-01-05 15:48:46',NULL,NULL,NULL,'99',NULL,NULL,10,'N'),(2166,'20251116','1008',1,'2026-01-05 14:33:35','2026-01-05 15:48:46',NULL,NULL,NULL,'99',NULL,NULL,10,'N'),(2167,'20251116','1009',12,'2026-01-05 14:33:36','2026-01-05 15:48:46',NULL,NULL,NULL,'99',NULL,NULL,10,'N'),(2168,'20251116','1010',34,'2026-01-05 14:33:37','2026-01-05 15:48:45',NULL,NULL,NULL,'99',NULL,NULL,10,'N'),(2169,'20251116','1011',23,'2026-01-05 14:33:38','2026-01-05 15:48:46',NULL,NULL,NULL,'99',NULL,NULL,10,'N'),(2170,'20251116','1012',34,'2026-01-05 14:33:39','2026-01-05 15:48:46',NULL,NULL,NULL,'99',NULL,NULL,10,'N'),(2171,'20251116','1013',-57,'2026-01-05 14:33:40','2026-01-05 15:48:45',NULL,NULL,NULL,'99',NULL,NULL,10,'N'),(2172,'20251116','1014',-85,'2026-01-05 14:33:41','2026-01-05 15:48:45',NULL,NULL,NULL,'99',NULL,NULL,10,'N'),(2173,'20251225','1001',56,'2026-01-05 14:33:51','2026-01-05 15:48:49',NULL,NULL,NULL,'99',NULL,NULL,11,'N'),(2174,'20251225','1002',-2,'2026-01-05 14:33:57','2026-01-05 15:48:49',NULL,NULL,NULL,'99',NULL,NULL,11,'N'),(2175,'20251225','1003',9,'2026-01-05 14:33:58','2026-01-05 15:48:48',NULL,NULL,NULL,'99',NULL,NULL,11,'N'),(2176,'20251225','1004',5,'2026-01-05 14:33:59','2026-01-05 15:48:48',NULL,NULL,NULL,'99',NULL,NULL,11,'N'),(2177,'20251225','1005',10,'2026-01-05 14:34:00','2026-01-05 15:48:48',NULL,NULL,NULL,'99',NULL,NULL,11,'N'),(2178,'20251225','1006',18,'2026-01-05 14:34:01','2026-01-05 15:48:47',NULL,NULL,NULL,'99',NULL,NULL,11,'N'),(2179,'20251225','1008',4,'2026-01-05 14:34:03','2026-01-05 15:48:48',NULL,NULL,NULL,'99',NULL,NULL,11,'N'),(2180,'20251225','1009',27,'2026-01-05 14:34:05','2026-01-05 15:48:47',NULL,NULL,NULL,'99',NULL,NULL,11,'N'),(2181,'20251225','1010',-13,'2026-01-05 14:34:06','2026-01-05 15:48:47',NULL,NULL,NULL,'99',NULL,NULL,11,'N'),(2182,'20251225','1011',32,'2026-01-05 14:34:07','2026-01-05 15:48:47',NULL,NULL,NULL,'99',NULL,NULL,11,'N'),(2183,'20251225','1012',9,'2026-01-05 14:34:08','2026-01-05 15:48:47',NULL,NULL,NULL,'99',NULL,NULL,11,'N'),(2184,'20251225','1013',67,'2026-01-05 14:34:09','2026-01-05 15:48:47',NULL,NULL,NULL,'99',NULL,NULL,11,'N'),(2185,'20251225','1014',37,'2026-01-05 14:34:10','2026-01-05 15:48:47',NULL,NULL,NULL,'99',NULL,NULL,11,'N'),(2186,'20251225','1015',11,'2026-01-05 14:34:11','2026-01-05 15:48:47',NULL,NULL,NULL,'99',NULL,NULL,11,'N'),(2187,'20251229','1001',7,'2026-01-05 14:34:13','2026-01-05 15:48:49',NULL,NULL,NULL,'99',NULL,NULL,12,'N'),(2188,'20251229','1003',3,'2026-01-05 14:34:14','2026-01-05 15:48:49',NULL,NULL,NULL,'99',NULL,NULL,12,'N'),(2189,'20251229','1010',29,'2026-01-05 14:34:15','2026-01-05 15:48:49',NULL,NULL,NULL,'99',NULL,NULL,12,'N'),(2190,'20251229','1012',5,'2026-01-05 14:34:16','2026-01-05 15:48:49',NULL,NULL,NULL,'99',NULL,NULL,12,'N'),(2191,'20260104','1001',35,'2026-01-05 16:28:31','2026-01-05 16:28:31',NULL,NULL,NULL,NULL,NULL,NULL,13,'N'),(2192,'20260104','1002',13,'2026-01-05 16:28:57','2026-01-05 16:28:57',NULL,NULL,NULL,NULL,NULL,NULL,13,'N'),(2193,'20260104','1003',3,'2026-01-05 16:28:58','2026-01-05 16:28:58',NULL,NULL,NULL,NULL,NULL,NULL,13,'N'),(2194,'20260104','1004',7,'2026-01-05 16:28:59','2026-01-05 16:28:59',NULL,NULL,NULL,NULL,NULL,NULL,13,'N'),(2195,'20260104','1006',2,'2026-01-05 16:29:02','2026-01-05 16:29:02',NULL,NULL,NULL,NULL,NULL,NULL,13,'N'),(2196,'20260104','1007',6,'2026-01-05 16:29:03','2026-01-05 16:29:03',NULL,NULL,NULL,NULL,NULL,NULL,13,'N'),(2197,'20260104','1008',3,'2026-01-05 16:29:04','2026-01-05 16:29:04',NULL,NULL,NULL,NULL,NULL,NULL,13,'N'),(2198,'20260104','1010',18,'2026-01-05 16:29:07','2026-01-05 16:29:07',NULL,NULL,NULL,NULL,NULL,NULL,13,'N'),(2199,'20260104','1011',13,'2026-01-05 16:29:09','2026-01-05 16:29:09',NULL,NULL,NULL,NULL,NULL,NULL,13,'N'),(2200,'20260104','1012',5,'2026-01-05 16:29:10','2026-01-05 16:29:10',NULL,NULL,NULL,NULL,NULL,NULL,13,'N'),(2201,'20260104','1013',23,'2026-01-05 16:29:12','2026-01-05 16:29:12',NULL,NULL,NULL,NULL,NULL,NULL,13,'N'),(2202,'20260104','1014',19,'2026-01-05 16:29:13','2026-01-05 16:29:13',NULL,NULL,NULL,NULL,NULL,NULL,13,'N'),(2203,'20260104','1015',18,'2026-01-05 16:29:14','2026-01-05 16:29:14',NULL,NULL,NULL,NULL,NULL,NULL,13,'N'),(2204,'20260105','1001',15,'2026-01-06 19:48:17','2026-01-06 19:48:17',NULL,NULL,NULL,NULL,NULL,NULL,13,'N'),(2205,'20260105','1002',3,'2026-01-06 19:48:18','2026-01-06 19:48:18',NULL,NULL,NULL,NULL,NULL,NULL,13,'N'),(2206,'20260105','1003',3,'2026-01-06 19:48:19','2026-01-06 19:48:19',NULL,NULL,NULL,NULL,NULL,NULL,13,'N'),(2207,'20260105','1004',1,'2026-01-06 19:48:20','2026-01-06 19:48:20',NULL,NULL,NULL,NULL,NULL,NULL,13,'N'),(2208,'20260105','1005',1,'2026-01-06 19:48:20','2026-01-06 19:48:20',NULL,NULL,NULL,NULL,NULL,NULL,13,'N'),(2209,'20260105','1006',4,'2026-01-06 19:48:21','2026-01-06 19:48:21',NULL,NULL,NULL,NULL,NULL,NULL,13,'N'),(2210,'20260105','1008',1,'2026-01-06 19:48:22','2026-01-06 19:48:22',NULL,NULL,NULL,NULL,NULL,NULL,13,'N'),(2211,'20260105','1010',19,'2026-01-06 19:48:22','2026-01-06 19:48:22',NULL,NULL,NULL,NULL,NULL,NULL,13,'N'),(2212,'20260105','1011',13,'2026-01-06 19:48:23','2026-01-06 19:48:23',NULL,NULL,NULL,NULL,NULL,NULL,13,'N'),(2213,'20260105','1012',6,'2026-01-06 19:48:24','2026-01-06 19:48:24',NULL,NULL,NULL,NULL,NULL,NULL,13,'N'),(2214,'20260105','1013',20,'2026-01-06 19:48:24','2026-01-06 19:48:24',NULL,NULL,NULL,NULL,NULL,NULL,13,'N'),(2215,'20260105','1014',15,'2026-01-06 19:48:25','2026-01-06 19:48:25',NULL,NULL,NULL,NULL,NULL,NULL,13,'N'),(2216,'20260105','1015',4,'2026-01-06 19:48:25','2026-01-06 19:48:25',NULL,NULL,NULL,NULL,NULL,NULL,13,'N'),(2217,'20260106','1001',17,'2026-01-06 19:50:21','2026-01-06 19:50:21',NULL,NULL,NULL,NULL,NULL,NULL,13,'N'),(2218,'20260106','1002',6,'2026-01-06 19:50:22','2026-01-06 19:52:36',NULL,NULL,NULL,NULL,NULL,NULL,13,'N'),(2219,'20260106','1003',5,'2026-01-06 19:50:22','2026-01-06 19:50:22',NULL,NULL,NULL,NULL,NULL,NULL,13,'N'),(2220,'20260106','1004',3,'2026-01-06 19:50:23','2026-01-06 19:50:23',NULL,NULL,NULL,NULL,NULL,NULL,13,'N'),(2221,'20260106','1005',2,'2026-01-06 19:50:23','2026-01-06 19:50:23',NULL,NULL,NULL,NULL,NULL,NULL,13,'N'),(2222,'20260106','1006',3,'2026-01-06 19:50:24','2026-01-06 19:50:24',NULL,NULL,NULL,NULL,NULL,NULL,13,'N'),(2223,'20260106','1007',6,'2026-01-06 19:50:25','2026-01-06 19:50:25',NULL,NULL,NULL,NULL,NULL,NULL,13,'N'),(2224,'20260106','1008',2,'2026-01-06 19:50:25','2026-01-06 19:50:25',NULL,NULL,NULL,NULL,NULL,NULL,13,'N'),(2225,'20260106','1010',15,'2026-01-06 19:50:26','2026-01-06 19:50:26',NULL,NULL,NULL,NULL,NULL,NULL,13,'N'),(2226,'20260106','1011',11,'2026-01-06 19:50:26','2026-01-06 19:50:26',NULL,NULL,NULL,NULL,NULL,NULL,13,'N'),(2227,'20260106','1012',6,'2026-01-06 19:50:27','2026-01-06 19:50:27',NULL,NULL,NULL,NULL,NULL,NULL,13,'N'),(2228,'20260106','1013',37,'2026-01-06 19:50:27','2026-01-06 19:50:27',NULL,NULL,NULL,NULL,NULL,NULL,13,'N'),(2229,'20260106','1014',6,'2026-01-06 19:50:28','2026-01-06 19:50:28',NULL,NULL,NULL,NULL,NULL,NULL,13,'N'),(2230,'20260106','1015',3,'2026-01-06 19:50:28','2026-01-06 19:50:28',NULL,NULL,NULL,NULL,NULL,NULL,13,'N'),(2231,'20260107','1001',23,'2026-01-07 23:19:02','2026-01-07 23:19:02',NULL,NULL,NULL,NULL,NULL,NULL,13,'N'),(2232,'20260107','1002',11,'2026-01-07 23:19:02','2026-01-07 23:19:02',NULL,NULL,NULL,NULL,NULL,NULL,13,'N'),(2233,'20260107','1003',8,'2026-01-07 23:19:03','2026-01-07 23:19:03',NULL,NULL,NULL,NULL,NULL,NULL,13,'N'),(2234,'20260107','1004',4,'2026-01-07 23:19:04','2026-01-07 23:19:04',NULL,NULL,NULL,NULL,NULL,NULL,13,'N'),(2235,'20260107','1005',2,'2026-01-07 23:19:04','2026-01-07 23:19:04',NULL,NULL,NULL,NULL,NULL,NULL,13,'N'),(2236,'20260107','1006',4,'2026-01-07 23:19:05','2026-01-07 23:19:05',NULL,NULL,NULL,NULL,NULL,NULL,13,'N'),(2237,'20260107','1007',9,'2026-01-07 23:19:06','2026-01-07 23:19:06',NULL,NULL,NULL,NULL,NULL,NULL,13,'N'),(2238,'20260107','1008',1,'2026-01-07 23:19:06','2026-01-07 23:19:06',NULL,NULL,NULL,NULL,NULL,NULL,13,'N'),(2239,'20260107','1010',20,'2026-01-07 23:19:07','2026-01-07 23:19:07',NULL,NULL,NULL,NULL,NULL,NULL,13,'N'),(2240,'20260107','1011',23,'2026-01-07 23:19:07','2026-01-07 23:19:07',NULL,NULL,NULL,NULL,NULL,NULL,13,'N'),(2241,'20260107','1012',9,'2026-01-07 23:19:08','2026-01-07 23:19:08',NULL,NULL,NULL,NULL,NULL,NULL,13,'N'),(2242,'20260107','1013',33,'2026-01-07 23:19:40','2026-01-07 23:19:40',NULL,NULL,NULL,NULL,NULL,NULL,13,'N'),(2243,'20260107','1014',15,'2026-01-07 23:19:41','2026-01-07 23:19:41',NULL,NULL,NULL,NULL,NULL,NULL,13,'N'),(2244,'20260107','1015',13,'2026-01-07 23:19:42','2026-01-07 23:19:42',NULL,NULL,NULL,NULL,NULL,NULL,13,'N'),(2245,'20260108','1001',18,'2026-01-08 22:49:30','2026-01-08 22:49:30',NULL,NULL,NULL,NULL,NULL,NULL,13,'N'),(2246,'20260108','1002',4,'2026-01-08 22:49:31','2026-01-08 22:49:31',NULL,NULL,NULL,NULL,NULL,NULL,13,'N'),(2247,'20260108','1003',2,'2026-01-08 22:49:32','2026-01-08 22:49:32',NULL,NULL,NULL,NULL,NULL,NULL,13,'N'),(2248,'20260108','1004',1,'2026-01-08 22:49:33','2026-01-08 22:49:33',NULL,NULL,NULL,NULL,NULL,NULL,13,'N'),(2249,'20260108','1005',1,'2026-01-08 22:49:33','2026-01-08 22:49:33',NULL,NULL,NULL,NULL,NULL,NULL,13,'N'),(2250,'20260108','1006',4,'2026-01-08 22:49:34','2026-01-08 22:49:34',NULL,NULL,NULL,NULL,NULL,NULL,13,'N'),(2251,'20260108','1007',3,'2026-01-08 22:49:35','2026-01-08 22:49:35',NULL,NULL,NULL,NULL,NULL,NULL,13,'N'),(2252,'20260108','1010',17,'2026-01-08 22:49:35','2026-01-08 22:49:35',NULL,NULL,NULL,NULL,NULL,NULL,13,'N'),(2253,'20260108','1011',13,'2026-01-08 22:49:36','2026-01-08 22:49:36',NULL,NULL,NULL,NULL,NULL,NULL,13,'N'),(2254,'20260108','1012',15,'2026-01-08 22:49:37','2026-01-08 22:49:37',NULL,NULL,NULL,NULL,NULL,NULL,13,'N'),(2255,'20260108','1013',29,'2026-01-08 22:49:37','2026-01-08 22:49:37',NULL,NULL,NULL,NULL,NULL,NULL,13,'N'),(2256,'20260108','1014',11,'2026-01-08 22:49:38','2026-01-08 22:49:38',NULL,NULL,NULL,NULL,NULL,NULL,13,'N'),(2257,'20260108','1015',8,'2026-01-08 22:49:38','2026-01-08 22:49:38',NULL,NULL,NULL,NULL,NULL,NULL,13,'N'),(2258,'20260112','1001',15,'2026-01-13 19:57:34','2026-06-13 15:16:54',NULL,NULL,NULL,NULL,NULL,NULL,14,'N'),(2259,'20260112','1003',3,'2026-01-13 19:57:36','2026-01-13 19:57:36',NULL,NULL,NULL,NULL,NULL,NULL,14,'N'),(2260,'20260112','1004',10,'2026-01-13 19:57:37','2026-01-13 19:57:37',NULL,NULL,NULL,NULL,NULL,NULL,14,'N'),(2261,'20260112','1005',5,'2026-01-13 19:57:37','2026-01-13 19:57:37',NULL,NULL,NULL,NULL,NULL,NULL,14,'N'),(2262,'20260112','1006',4,'2026-01-13 19:57:38','2026-01-13 19:57:38',NULL,NULL,NULL,NULL,NULL,NULL,14,'N'),(2263,'20260112','1016',7,'2026-01-13 19:57:38','2026-01-13 19:57:38',NULL,NULL,NULL,NULL,NULL,NULL,14,'N'),(2264,'20260112','1017',2,'2026-01-13 19:57:39','2026-01-13 19:57:39',NULL,NULL,NULL,NULL,NULL,NULL,14,'N'),(2265,'20260112','1018',8,'2026-01-13 19:57:39','2026-01-13 19:57:39',NULL,NULL,NULL,NULL,NULL,NULL,14,'N'),(2266,'20260112','1008',2,'2026-01-13 19:57:40','2026-01-13 19:57:40',NULL,NULL,NULL,NULL,NULL,NULL,14,'N'),(2267,'20260112','1010',8,'2026-01-13 19:57:41','2026-01-13 19:57:41',NULL,NULL,NULL,NULL,NULL,NULL,14,'N'),(2268,'20260112','1011',21,'2026-01-13 19:57:41','2026-01-13 19:57:41',NULL,NULL,NULL,NULL,NULL,NULL,14,'N'),(2269,'20260112','1012',3,'2026-01-13 19:57:42','2026-01-13 19:57:42',NULL,NULL,NULL,NULL,NULL,NULL,14,'N'),(2270,'20260112','1013',32,'2026-01-13 19:57:42','2026-01-13 19:57:42',NULL,NULL,NULL,NULL,NULL,NULL,14,'N'),(2271,'20260112','1014',14,'2026-01-13 19:57:43','2026-01-13 19:57:43',NULL,NULL,NULL,NULL,NULL,NULL,14,'N'),(2272,'20260112','1015',21,'2026-01-13 19:57:43','2026-01-13 19:57:43',NULL,NULL,NULL,NULL,NULL,NULL,14,'N'),(2275,'20260113','1004',11,'2026-01-13 19:59:46','2026-01-13 19:59:46',NULL,NULL,NULL,NULL,NULL,NULL,14,'N'),(2276,'20260113','1005',6,'2026-01-13 19:59:47','2026-01-13 19:59:47',NULL,NULL,NULL,NULL,NULL,NULL,14,'N'),(2277,'20260113','1006',10,'2026-01-13 19:59:47','2026-01-13 19:59:47',NULL,NULL,NULL,NULL,NULL,NULL,14,'N'),(2278,'20260113','1016',4,'2026-01-13 19:59:48','2026-01-13 19:59:48',NULL,NULL,NULL,NULL,NULL,NULL,14,'N'),(2279,'20260113','1017',4,'2026-01-13 19:59:49','2026-01-13 19:59:49',NULL,NULL,NULL,NULL,NULL,NULL,14,'N'),(2280,'20260113','1018',6,'2026-01-13 19:59:49','2026-01-13 19:59:49',NULL,NULL,NULL,NULL,NULL,NULL,14,'N'),(2281,'20260113','1008',1,'2026-01-13 19:59:50','2026-01-13 19:59:50',NULL,NULL,NULL,NULL,NULL,NULL,14,'N'),(2282,'20260113','1010',14,'2026-01-13 19:59:52','2026-01-13 19:59:52',NULL,NULL,NULL,NULL,NULL,NULL,14,'N'),(2283,'20260113','1011',12,'2026-01-13 19:59:53','2026-01-13 19:59:53',NULL,NULL,NULL,NULL,NULL,NULL,14,'N'),(2284,'20260113','1012',4,'2026-01-13 19:59:54','2026-01-13 19:59:54',NULL,NULL,NULL,NULL,NULL,NULL,14,'N'),(2285,'20260113','1013',33,'2026-01-13 19:59:54','2026-01-13 19:59:54',NULL,NULL,NULL,NULL,NULL,NULL,14,'N'),(2286,'20260113','1014',13,'2026-01-13 19:59:55','2026-01-13 19:59:55',NULL,NULL,NULL,NULL,NULL,NULL,14,'N'),(2287,'20260113','1015',15,'2026-01-13 19:59:56','2026-01-13 19:59:56',NULL,NULL,NULL,NULL,NULL,NULL,14,'N'),(2288,'20260114','1001',9,'2026-01-14 21:17:23','2026-01-14 21:17:23',NULL,NULL,NULL,NULL,NULL,NULL,14,'N'),(2289,'20260114','1003',5,'2026-01-14 21:17:25','2026-01-14 21:17:25',NULL,NULL,NULL,NULL,NULL,NULL,14,'N'),(2290,'20260114','1004',8,'2026-01-14 21:17:27','2026-01-14 21:17:27',NULL,NULL,NULL,NULL,NULL,NULL,14,'N'),(2291,'20260114','1005',3,'2026-01-14 21:17:28','2026-01-14 21:17:28',NULL,NULL,NULL,NULL,NULL,NULL,14,'N'),(2292,'20260114','1006',12,'2026-01-14 21:17:29','2026-01-14 21:17:29',NULL,NULL,NULL,NULL,NULL,NULL,14,'N'),(2293,'20260114','1016',5,'2026-01-14 21:17:31','2026-01-14 21:17:31',NULL,NULL,NULL,NULL,NULL,NULL,14,'N'),(2294,'20260114','1017',3,'2026-01-14 21:17:32','2026-01-14 21:17:32',NULL,NULL,NULL,NULL,NULL,NULL,14,'N'),(2295,'20260114','1018',6,'2026-01-14 21:17:32','2026-01-14 21:17:32',NULL,NULL,NULL,NULL,NULL,NULL,14,'N'),(2296,'20260114','1008',5,'2026-01-14 21:17:35','2026-01-14 21:17:35',NULL,NULL,NULL,NULL,NULL,NULL,14,'N'),(2297,'20260114','1010',11,'2026-01-14 21:17:37','2026-01-14 21:17:37',NULL,NULL,NULL,NULL,NULL,NULL,14,'N'),(2298,'20260114','1011',7,'2026-01-14 21:17:38','2026-01-14 21:17:38',NULL,NULL,NULL,NULL,NULL,NULL,14,'N'),(2299,'20260114','1012',9,'2026-01-14 21:17:39','2026-01-14 21:17:39',NULL,NULL,NULL,NULL,NULL,NULL,14,'N'),(2300,'20260114','1013',24,'2026-01-14 21:17:40','2026-01-14 21:17:40',NULL,NULL,NULL,NULL,NULL,NULL,14,'N'),(2301,'20260114','1014',14,'2026-01-14 21:17:41','2026-01-14 21:17:41',NULL,NULL,NULL,NULL,NULL,NULL,14,'N'),(2302,'20260114','1015',22,'2026-01-14 21:17:41','2026-01-14 21:17:41',NULL,NULL,NULL,NULL,NULL,NULL,14,'N'),(2303,'20260115','1001',20,'2026-01-29 23:15:37','2026-06-13 15:30:42',NULL,NULL,NULL,NULL,NULL,NULL,14,'N'),(2304,'20260115','1003',8,'2026-01-29 23:15:44','2026-06-13 15:30:28',NULL,NULL,NULL,NULL,NULL,NULL,14,'N'),(2305,'20260115','1004',14,'2026-01-29 23:15:46','2026-06-13 15:30:42',NULL,NULL,NULL,NULL,NULL,NULL,14,'N'),(2306,'20260115','1005',26,'2026-01-29 23:15:47','2026-06-13 15:30:41',NULL,NULL,NULL,NULL,NULL,NULL,14,'N'),(2307,'20260115','1006',5,'2026-01-29 23:15:47','2026-01-29 23:15:47',NULL,NULL,NULL,NULL,NULL,NULL,14,'N'),(2308,'20260115','1016',7,'2026-01-29 23:15:48','2026-06-13 15:30:43',NULL,NULL,NULL,NULL,NULL,NULL,14,'N'),(2309,'20260115','1017',32,'2026-01-29 23:15:49','2026-06-13 15:30:32',NULL,NULL,NULL,NULL,NULL,NULL,14,'N'),(2310,'20260115','1018',13,'2026-01-29 23:15:50','2026-06-13 15:30:44',NULL,NULL,NULL,NULL,NULL,NULL,14,'N'),(2311,'20260115','1008',39,'2026-01-29 23:15:51','2026-06-13 16:00:59',NULL,NULL,NULL,NULL,NULL,NULL,14,'N'),(2312,'20260115','1010',14,'2026-01-29 23:15:51','2026-06-13 15:30:44',NULL,NULL,NULL,NULL,NULL,NULL,14,'N'),(2313,'20260115','1011',60,'2026-01-29 23:15:52','2026-06-13 16:00:48',NULL,NULL,NULL,NULL,NULL,NULL,14,'N'),(2314,'20260115','1012',4,'2026-01-29 23:15:53','2026-06-13 15:27:05',NULL,NULL,NULL,NULL,NULL,NULL,14,'N'),(2315,'20260115','1013',26,'2026-01-29 23:15:53','2026-06-13 15:30:36',NULL,NULL,NULL,NULL,NULL,NULL,14,'N'),(2316,'20260115','1014',44,'2026-01-29 23:15:54','2026-06-13 15:30:43',NULL,NULL,NULL,NULL,NULL,NULL,14,'N'),(2317,'20260115','1015',28,'2026-01-29 23:15:54','2026-06-13 15:30:45',NULL,NULL,NULL,NULL,NULL,NULL,14,'N'),(2318,'20260116','1001',18,'2026-01-29 23:19:45','2026-01-29 23:19:45',NULL,NULL,NULL,NULL,NULL,NULL,14,'N'),(2319,'20260116','1002',0,'2026-01-29 23:19:46','2026-01-29 23:19:46',NULL,NULL,NULL,NULL,NULL,NULL,14,'N'),(2320,'20260116','1003',8,'2026-01-29 23:19:52','2026-01-29 23:19:52',NULL,NULL,NULL,NULL,NULL,NULL,14,'N'),(2321,'20260116','1004',16,'2026-01-29 23:19:53','2026-01-29 23:19:53',NULL,NULL,NULL,NULL,NULL,NULL,14,'N'),(2322,'20260116','1005',5,'2026-01-29 23:19:53','2026-01-29 23:19:53',NULL,NULL,NULL,NULL,NULL,NULL,14,'N'),(2323,'20260116','1006',7,'2026-01-29 23:19:54','2026-01-29 23:19:54',NULL,NULL,NULL,NULL,NULL,NULL,14,'N'),(2324,'20260116','1016',5,'2026-01-29 23:19:54','2026-01-29 23:19:54',NULL,NULL,NULL,NULL,NULL,NULL,14,'N'),(2325,'20260116','1017',4,'2026-01-29 23:19:55','2026-01-29 23:19:55',NULL,NULL,NULL,NULL,NULL,NULL,14,'N'),(2326,'20260116','1018',3,'2026-01-29 23:19:55','2026-01-29 23:19:55',NULL,NULL,NULL,NULL,NULL,NULL,14,'N'),(2327,'20260116','1008',3,'2026-01-29 23:19:56','2026-01-29 23:19:56',NULL,NULL,NULL,NULL,NULL,NULL,14,'N'),(2328,'20260116','1010',9,'2026-01-29 23:19:57','2026-01-29 23:19:57',NULL,NULL,NULL,NULL,NULL,NULL,14,'N'),(2329,'20260116','1011',15,'2026-01-29 23:19:58','2026-01-29 23:19:58',NULL,NULL,NULL,NULL,NULL,NULL,14,'N'),(2330,'20260116','1012',7,'2026-01-29 23:19:58','2026-01-29 23:19:58',NULL,NULL,NULL,NULL,NULL,NULL,14,'N'),(2331,'20260116','1013',29,'2026-01-29 23:19:59','2026-01-29 23:19:59',NULL,NULL,NULL,NULL,NULL,NULL,14,'N'),(2332,'20260116','1014',14,'2026-01-29 23:19:59','2026-01-29 23:19:59',NULL,NULL,NULL,NULL,NULL,NULL,14,'N'),(2333,'20260116','1015',23,'2026-01-29 23:20:00','2026-01-29 23:20:00',NULL,NULL,NULL,NULL,NULL,NULL,14,'N'),(2334,'20260117','1001',70,'2026-01-29 23:20:48','2026-01-29 23:20:48',NULL,NULL,NULL,NULL,NULL,NULL,14,'N'),(2335,'20260117','1003',18,'2026-01-29 23:20:49','2026-01-29 23:20:49',NULL,NULL,NULL,NULL,NULL,NULL,14,'N'),(2336,'20260117','1004',24,'2026-01-29 23:20:50','2026-01-29 23:20:50',NULL,NULL,NULL,NULL,NULL,NULL,14,'N'),(2337,'20260117','1005',9,'2026-01-29 23:20:50','2026-01-29 23:20:50',NULL,NULL,NULL,NULL,NULL,NULL,14,'N'),(2338,'20260117','1006',14,'2026-01-29 23:20:51','2026-01-29 23:20:51',NULL,NULL,NULL,NULL,NULL,NULL,14,'N'),(2339,'20260117','1016',6,'2026-01-29 23:20:51','2026-01-29 23:20:51',NULL,NULL,NULL,NULL,NULL,NULL,14,'N'),(2340,'20260117','1017',10,'2026-01-29 23:20:52','2026-01-29 23:20:52',NULL,NULL,NULL,NULL,NULL,NULL,14,'N'),(2341,'20260117','1018',8,'2026-01-29 23:20:53','2026-01-29 23:20:53',NULL,NULL,NULL,NULL,NULL,NULL,14,'N'),(2342,'20260117','1008',17,'2026-01-29 23:20:54','2026-01-29 23:20:54',NULL,NULL,NULL,NULL,NULL,NULL,14,'N'),(2343,'20260117','1010',23,'2026-01-29 23:20:54','2026-01-29 23:20:54',NULL,NULL,NULL,NULL,NULL,NULL,14,'N'),(2344,'20260117','1011',29,'2026-01-29 23:20:55','2026-01-29 23:20:55',NULL,NULL,NULL,NULL,NULL,NULL,14,'N'),(2345,'20260117','1012',9,'2026-01-29 23:20:55','2026-01-29 23:20:55',NULL,NULL,NULL,NULL,NULL,NULL,14,'N'),(2346,'20260117','1013',46,'2026-01-29 23:20:56','2026-01-29 23:20:56',NULL,NULL,NULL,NULL,NULL,NULL,14,'N'),(2347,'20260117','1014',31,'2026-01-29 23:20:56','2026-01-29 23:20:56',NULL,NULL,NULL,NULL,NULL,NULL,14,'N'),(2348,'20260117','1015',48,'2026-01-29 23:20:57','2026-01-29 23:20:57',NULL,NULL,NULL,NULL,NULL,NULL,14,'N'),(2349,'20260118','1001',44,'2026-01-29 23:21:47','2026-01-29 23:21:47',NULL,NULL,NULL,NULL,NULL,NULL,14,'N'),(2350,'20260118','1002',1,'2026-01-29 23:21:48','2026-01-29 23:21:48',NULL,NULL,NULL,NULL,NULL,NULL,14,'N'),(2351,'20260118','1003',11,'2026-01-29 23:21:48','2026-01-29 23:21:48',NULL,NULL,NULL,NULL,NULL,NULL,14,'N'),(2352,'20260118','1004',25,'2026-01-29 23:21:49','2026-01-29 23:21:49',NULL,NULL,NULL,NULL,NULL,NULL,14,'N'),(2353,'20260118','1005',4,'2026-01-29 23:22:23','2026-01-29 23:22:23',NULL,NULL,NULL,NULL,NULL,NULL,14,'N'),(2354,'20260118','1006',11,'2026-01-29 23:22:24','2026-01-29 23:22:24',NULL,NULL,NULL,NULL,NULL,NULL,14,'N'),(2355,'20260118','1016',10,'2026-01-29 23:22:25','2026-01-29 23:22:25',NULL,NULL,NULL,NULL,NULL,NULL,14,'N'),(2356,'20260118','1017',4,'2026-01-29 23:22:26','2026-01-29 23:22:26',NULL,NULL,NULL,NULL,NULL,NULL,14,'N'),(2357,'20260118','1018',10,'2026-01-29 23:22:26','2026-01-29 23:22:26',NULL,NULL,NULL,NULL,NULL,NULL,14,'N'),(2358,'20260118','1008',7,'2026-01-29 23:22:27','2026-01-29 23:22:27',NULL,NULL,NULL,NULL,NULL,NULL,14,'N'),(2359,'20260118','1010',21,'2026-01-29 23:22:28','2026-01-29 23:22:28',NULL,NULL,NULL,NULL,NULL,NULL,14,'N'),(2360,'20260118','1011',23,'2026-01-29 23:22:28','2026-01-29 23:22:28',NULL,NULL,NULL,NULL,NULL,NULL,14,'N'),(2361,'20260118','1012',15,'2026-01-29 23:22:29','2026-01-29 23:22:29',NULL,NULL,NULL,NULL,NULL,NULL,14,'N'),(2362,'20260118','1013',44,'2026-01-29 23:22:30','2026-01-29 23:22:30',NULL,NULL,NULL,NULL,NULL,NULL,14,'N'),(2363,'20260118','1014',27,'2026-01-29 23:22:30','2026-01-29 23:22:30',NULL,NULL,NULL,NULL,NULL,NULL,14,'N'),(2364,'20260118','1015',41,'2026-01-29 23:22:31','2026-01-29 23:22:31',NULL,NULL,NULL,NULL,NULL,NULL,14,'N'),(2365,'20260119','1001',22,'2026-01-29 23:23:12','2026-01-29 23:23:12',NULL,NULL,NULL,NULL,NULL,NULL,14,'N'),(2366,'20260119','1003',5,'2026-01-29 23:23:13','2026-01-29 23:23:13',NULL,NULL,NULL,NULL,NULL,NULL,14,'N'),(2367,'20260119','1004',8,'2026-01-29 23:23:14','2026-01-29 23:23:14',NULL,NULL,NULL,NULL,NULL,NULL,14,'N'),(2368,'20260119','1005',4,'2026-01-29 23:23:15','2026-01-29 23:23:15',NULL,NULL,NULL,NULL,NULL,NULL,14,'N'),(2369,'20260119','1006',11,'2026-01-29 23:23:15','2026-01-29 23:23:15',NULL,NULL,NULL,NULL,NULL,NULL,14,'N'),(2370,'20260119','1016',1,'2026-01-29 23:23:16','2026-01-29 23:23:16',NULL,NULL,NULL,NULL,NULL,NULL,14,'N'),(2371,'20260119','1017',2,'2026-01-29 23:23:16','2026-01-29 23:23:16',NULL,NULL,NULL,NULL,NULL,NULL,14,'N'),(2372,'20260119','1018',3,'2026-01-29 23:23:17','2026-01-29 23:23:17',NULL,NULL,NULL,NULL,NULL,NULL,14,'N'),(2373,'20260119','1008',1,'2026-01-29 23:23:18','2026-01-29 23:23:18',NULL,NULL,NULL,NULL,NULL,NULL,14,'N'),(2374,'20260119','1010',4,'2026-01-29 23:23:19','2026-01-29 23:23:19',NULL,NULL,NULL,NULL,NULL,NULL,14,'N'),(2375,'20260119','1011',12,'2026-01-29 23:23:19','2026-01-29 23:23:19',NULL,NULL,NULL,NULL,NULL,NULL,14,'N'),(2376,'20260119','1012',0,'2026-01-29 23:23:20','2026-01-29 23:23:20',NULL,NULL,NULL,NULL,NULL,NULL,14,'N'),(2377,'20260119','1013',17,'2026-01-29 23:23:20','2026-01-29 23:23:20',NULL,NULL,NULL,NULL,NULL,NULL,14,'N'),(2378,'20260119','1014',10,'2026-01-29 23:23:21','2026-01-29 23:23:21',NULL,NULL,NULL,NULL,NULL,NULL,14,'N'),(2379,'20260119','1015',11,'2026-01-29 23:23:22','2026-01-29 23:23:22',NULL,NULL,NULL,NULL,NULL,NULL,14,'N'),(2380,'20260120','1001',10,'2026-01-29 23:24:18','2026-01-29 23:24:18',NULL,NULL,NULL,NULL,NULL,NULL,14,'N'),(2381,'20260120','1004',5,'2026-01-29 23:24:20','2026-01-29 23:24:20',NULL,NULL,NULL,NULL,NULL,NULL,14,'N'),(2382,'20260120','1005',1,'2026-01-29 23:24:21','2026-01-29 23:24:21',NULL,NULL,NULL,NULL,NULL,NULL,14,'N'),(2383,'20260120','1006',7,'2026-01-29 23:24:21','2026-01-29 23:24:21',NULL,NULL,NULL,NULL,NULL,NULL,14,'N'),(2384,'20260120','1016',3,'2026-01-29 23:24:23','2026-01-29 23:24:23',NULL,NULL,NULL,NULL,NULL,NULL,14,'N'),(2385,'20260120','1017',1,'2026-01-29 23:24:24','2026-01-29 23:24:24',NULL,NULL,NULL,NULL,NULL,NULL,14,'N'),(2386,'20260120','1018',3,'2026-01-29 23:24:24','2026-01-29 23:24:24',NULL,NULL,NULL,NULL,NULL,NULL,14,'N'),(2387,'20260120','1007',0,'2026-01-29 23:24:25','2026-01-29 23:24:25',NULL,NULL,NULL,NULL,NULL,NULL,14,'N'),(2388,'20260120','1008',5,'2026-01-29 23:24:26','2026-01-29 23:24:26',NULL,NULL,NULL,NULL,NULL,NULL,14,'N'),(2389,'20260120','1010',6,'2026-01-29 23:24:26','2026-01-29 23:24:26',NULL,NULL,NULL,NULL,NULL,NULL,14,'N'),(2390,'20260120','1011',5,'2026-01-29 23:24:27','2026-01-29 23:24:27',NULL,NULL,NULL,NULL,NULL,NULL,14,'N'),(2391,'20260120','1012',2,'2026-01-29 23:24:28','2026-01-29 23:24:28',NULL,NULL,NULL,NULL,NULL,NULL,14,'N'),(2392,'20260120','1013',15,'2026-01-29 23:24:28','2026-01-29 23:24:28',NULL,NULL,NULL,NULL,NULL,NULL,14,'N'),(2393,'20260120','1014',9,'2026-01-29 23:24:29','2026-01-29 23:24:29',NULL,NULL,NULL,NULL,NULL,NULL,14,'N'),(2394,'20260120','1015',5,'2026-01-29 23:24:30','2026-01-29 23:24:30',NULL,NULL,NULL,NULL,NULL,NULL,14,'N'),(2395,'20260121','1001',21,'2026-01-29 23:28:24','2026-01-29 23:28:24',NULL,NULL,NULL,NULL,NULL,NULL,14,'N'),(2396,'20260121','1003',2,'2026-01-29 23:28:26','2026-01-29 23:28:26',NULL,NULL,NULL,NULL,NULL,NULL,14,'N'),(2397,'20260121','1004',4,'2026-01-29 23:28:27','2026-01-29 23:28:27',NULL,NULL,NULL,NULL,NULL,NULL,14,'N'),(2398,'20260121','1005',2,'2026-01-29 23:28:28','2026-01-29 23:28:28',NULL,NULL,NULL,NULL,NULL,NULL,14,'N'),(2399,'20260121','1006',10,'2026-01-29 23:28:29','2026-01-29 23:28:29',NULL,NULL,NULL,NULL,NULL,NULL,14,'N'),(2400,'20260121','1016',10,'2026-01-29 23:28:30','2026-01-29 23:28:30',NULL,NULL,NULL,NULL,NULL,NULL,14,'N'),(2401,'20260121','1017',6,'2026-01-29 23:28:31','2026-01-29 23:28:31',NULL,NULL,NULL,NULL,NULL,NULL,14,'N'),(2402,'20260121','1018',3,'2026-01-29 23:28:32','2026-01-29 23:28:32',NULL,NULL,NULL,NULL,NULL,NULL,14,'N'),(2403,'20260121','1010',13,'2026-01-29 23:28:33','2026-01-29 23:28:33',NULL,NULL,NULL,NULL,NULL,NULL,14,'N'),(2404,'20260121','1011',15,'2026-01-29 23:28:34','2026-01-29 23:28:34',NULL,NULL,NULL,NULL,NULL,NULL,14,'N'),(2405,'20260121','1012',3,'2026-01-29 23:28:35','2026-01-29 23:28:35',NULL,NULL,NULL,NULL,NULL,NULL,14,'N'),(2406,'20260121','1013',27,'2026-01-29 23:28:36','2026-01-29 23:28:36',NULL,NULL,NULL,NULL,NULL,NULL,14,'N'),(2407,'20260121','1014',10,'2026-01-29 23:28:37','2026-01-29 23:28:37',NULL,NULL,NULL,NULL,NULL,NULL,14,'N'),(2408,'20260121','1015',14,'2026-01-29 23:28:37','2026-01-29 23:28:37',NULL,NULL,NULL,NULL,NULL,NULL,14,'N'),(2409,'20260122','1001',21,'2026-01-29 23:28:38','2026-01-29 23:28:38',NULL,NULL,NULL,NULL,NULL,NULL,14,'N'),(2410,'20260122','1003',9,'2026-01-29 23:28:39','2026-01-29 23:28:39',NULL,NULL,NULL,NULL,NULL,NULL,14,'N'),(2411,'20260122','1004',5,'2026-01-29 23:28:40','2026-01-29 23:28:40',NULL,NULL,NULL,NULL,NULL,NULL,14,'N'),(2412,'20260122','1005',3,'2026-01-29 23:28:40','2026-01-29 23:28:40',NULL,NULL,NULL,NULL,NULL,NULL,14,'N'),(2413,'20260122','1006',7,'2026-01-29 23:28:44','2026-01-29 23:28:44',NULL,NULL,NULL,NULL,NULL,NULL,14,'N'),(2414,'20260122','1016',3,'2026-01-29 23:28:44','2026-01-29 23:28:44',NULL,NULL,NULL,NULL,NULL,NULL,14,'N'),(2415,'20260122','1017',3,'2026-01-29 23:28:45','2026-01-29 23:28:45',NULL,NULL,NULL,NULL,NULL,NULL,14,'N'),(2416,'20260122','1018',3,'2026-01-29 23:28:45','2026-01-29 23:28:45',NULL,NULL,NULL,NULL,NULL,NULL,14,'N'),(2417,'20260122','1010',7,'2026-01-29 23:28:48','2026-01-29 23:28:48',NULL,NULL,NULL,NULL,NULL,NULL,14,'N'),(2418,'20260122','1011',11,'2026-01-29 23:28:49','2026-01-29 23:28:49',NULL,NULL,NULL,NULL,NULL,NULL,14,'N'),(2419,'20260122','1012',8,'2026-01-29 23:28:50','2026-01-29 23:28:50',NULL,NULL,NULL,NULL,NULL,NULL,14,'N'),(2420,'20260122','1013',19,'2026-01-29 23:28:50','2026-01-29 23:28:50',NULL,NULL,NULL,NULL,NULL,NULL,14,'N'),(2421,'20260122','1014',9,'2026-01-29 23:28:51','2026-01-29 23:28:51',NULL,NULL,NULL,NULL,NULL,NULL,14,'N'),(2422,'20260122','1015',10,'2026-01-29 23:28:52','2026-01-29 23:28:52',NULL,NULL,NULL,NULL,NULL,NULL,14,'N'),(2423,'20260123','1001',39,'2026-01-29 23:28:53','2026-01-29 23:28:53',NULL,NULL,NULL,NULL,NULL,NULL,14,'N'),(2424,'20260123','1003',5,'2026-01-29 23:28:54','2026-01-29 23:28:54',NULL,NULL,NULL,NULL,NULL,NULL,14,'N'),(2425,'20260123','1004',13,'2026-01-29 23:28:55','2026-01-29 23:28:55',NULL,NULL,NULL,NULL,NULL,NULL,14,'N'),(2426,'20260123','1005',3,'2026-01-29 23:28:56','2026-01-29 23:28:56',NULL,NULL,NULL,NULL,NULL,NULL,14,'N'),(2427,'20260123','1006',13,'2026-01-29 23:28:56','2026-01-29 23:28:56',NULL,NULL,NULL,NULL,NULL,NULL,14,'N'),(2428,'20260123','1016',12,'2026-01-29 23:28:57','2026-01-29 23:28:57',NULL,NULL,NULL,NULL,NULL,NULL,14,'N'),(2429,'20260123','1017',6,'2026-01-29 23:28:58','2026-01-29 23:28:58',NULL,NULL,NULL,NULL,NULL,NULL,14,'N'),(2430,'20260123','1018',4,'2026-01-29 23:29:01','2026-01-29 23:29:01',NULL,NULL,NULL,NULL,NULL,NULL,14,'N'),(2431,'20260123','1008',3,'2026-01-29 23:29:02','2026-01-29 23:29:02',NULL,NULL,NULL,NULL,NULL,NULL,14,'N'),(2432,'20260123','1010',8,'2026-01-29 23:29:03','2026-01-29 23:29:03',NULL,NULL,NULL,NULL,NULL,NULL,14,'N'),(2433,'20260123','1011',13,'2026-01-29 23:29:04','2026-01-29 23:29:04',NULL,NULL,NULL,NULL,NULL,NULL,14,'N'),(2434,'20260123','1012',4,'2026-01-29 23:29:04','2026-01-29 23:29:04',NULL,NULL,NULL,NULL,NULL,NULL,14,'N'),(2435,'20260123','1013',36,'2026-01-29 23:29:05','2026-01-29 23:29:05',NULL,NULL,NULL,NULL,NULL,NULL,14,'N'),(2436,'20260123','1014',15,'2026-01-29 23:29:06','2026-01-29 23:29:06',NULL,NULL,NULL,NULL,NULL,NULL,14,'N'),(2437,'20260123','1015',20,'2026-01-29 23:29:07','2026-01-29 23:29:07',NULL,NULL,NULL,NULL,NULL,NULL,14,'N'),(2438,'20260124','1001',61,'2026-01-29 23:29:08','2026-01-29 23:29:08',NULL,NULL,NULL,NULL,NULL,NULL,14,'N'),(2439,'20260124','1003',16,'2026-01-29 23:29:09','2026-01-29 23:29:09',NULL,NULL,NULL,NULL,NULL,NULL,14,'N'),(2440,'20260124','1004',28,'2026-01-29 23:29:10','2026-01-29 23:29:10',NULL,NULL,NULL,NULL,NULL,NULL,14,'N'),(2441,'20260124','1005',5,'2026-01-29 23:29:11','2026-01-29 23:29:11',NULL,NULL,NULL,NULL,NULL,NULL,14,'N'),(2442,'20260124','1006',18,'2026-01-29 23:29:11','2026-01-29 23:29:11',NULL,NULL,NULL,NULL,NULL,NULL,14,'N'),(2443,'20260124','1016',15,'2026-01-29 23:29:12','2026-01-29 23:29:12',NULL,NULL,NULL,NULL,NULL,NULL,14,'N'),(2444,'20260124','1017',17,'2026-01-29 23:29:13','2026-01-29 23:29:13',NULL,NULL,NULL,NULL,NULL,NULL,14,'N'),(2445,'20260124','1018',11,'2026-01-29 23:29:14','2026-01-29 23:29:14',NULL,NULL,NULL,NULL,NULL,NULL,14,'N'),(2446,'20260124','1008',5,'2026-01-29 23:29:20','2026-01-29 23:29:20',NULL,NULL,NULL,NULL,NULL,NULL,14,'N'),(2447,'20260124','1010',25,'2026-01-29 23:29:21','2026-01-29 23:29:21',NULL,NULL,NULL,NULL,NULL,NULL,14,'N'),(2448,'20260124','1011',22,'2026-01-29 23:29:21','2026-01-29 23:29:21',NULL,NULL,NULL,NULL,NULL,NULL,14,'N'),(2449,'20260124','1012',17,'2026-01-29 23:29:25','2026-01-29 23:29:25',NULL,NULL,NULL,NULL,NULL,NULL,14,'N'),(2450,'20260124','1013',60,'2026-01-29 23:29:25','2026-01-29 23:29:25',NULL,NULL,NULL,NULL,NULL,NULL,14,'N'),(2451,'20260124','1014',27,'2026-01-29 23:29:26','2026-01-29 23:29:26',NULL,NULL,NULL,NULL,NULL,NULL,14,'N'),(2452,'20260124','1015',32,'2026-01-29 23:29:28','2026-01-29 23:29:28',NULL,NULL,NULL,NULL,NULL,NULL,14,'N'),(2453,'20260125','1001',51,'2026-01-29 23:29:28','2026-01-29 23:29:28',NULL,NULL,NULL,NULL,NULL,NULL,14,'N'),(2454,'20260125','1003',9,'2026-01-29 23:29:29','2026-01-29 23:29:29',NULL,NULL,NULL,NULL,NULL,NULL,14,'N'),(2455,'20260125','1004',37,'2026-01-29 23:29:30','2026-01-29 23:29:30',NULL,NULL,NULL,NULL,NULL,NULL,14,'N'),(2456,'20260125','1005',9,'2026-01-29 23:29:31','2026-01-29 23:29:31',NULL,NULL,NULL,NULL,NULL,NULL,14,'N'),(2457,'20260125','1006',25,'2026-01-29 23:29:32','2026-01-29 23:29:32',NULL,NULL,NULL,NULL,NULL,NULL,14,'N'),(2458,'20260125','1016',13,'2026-01-29 23:29:33','2026-01-29 23:29:33',NULL,NULL,NULL,NULL,NULL,NULL,14,'N'),(2459,'20260125','1017',2,'2026-01-29 23:29:33','2026-01-29 23:29:33',NULL,NULL,NULL,NULL,NULL,NULL,14,'N'),(2460,'20260125','1018',16,'2026-01-29 23:29:35','2026-01-29 23:29:35',NULL,NULL,NULL,NULL,NULL,NULL,14,'N'),(2461,'20260125','1008',11,'2026-01-29 23:29:35','2026-01-29 23:29:35',NULL,NULL,NULL,NULL,NULL,NULL,14,'N'),(2462,'20260125','1010',11,'2026-01-29 23:29:36','2026-01-29 23:29:36',NULL,NULL,NULL,NULL,NULL,NULL,14,'N'),(2463,'20260125','1011',32,'2026-01-29 23:29:37','2026-01-29 23:29:37',NULL,NULL,NULL,NULL,NULL,NULL,14,'N'),(2464,'20260125','1012',17,'2026-01-29 23:29:38','2026-01-29 23:29:38',NULL,NULL,NULL,NULL,NULL,NULL,14,'N'),(2465,'20260125','1013',41,'2026-01-29 23:29:39','2026-01-29 23:29:39',NULL,NULL,NULL,NULL,NULL,NULL,14,'N'),(2466,'20260125','1014',34,'2026-01-29 23:29:40','2026-01-29 23:29:40',NULL,NULL,NULL,NULL,NULL,NULL,14,'N'),(2467,'20260125','1015',39,'2026-01-29 23:29:43','2026-01-29 23:29:43',NULL,NULL,NULL,NULL,NULL,NULL,14,'N'),(2468,'20260125','1001',14,'2026-01-29 23:52:45','2026-01-29 23:52:45',NULL,NULL,NULL,NULL,NULL,NULL,14,'N'),(2469,'20260125','1003',6,'2026-01-29 23:52:47','2026-01-29 23:52:47',NULL,NULL,NULL,NULL,NULL,NULL,14,'N'),(2470,'20260125','1004',1,'2026-01-29 23:52:48','2026-01-29 23:52:48',NULL,NULL,NULL,NULL,NULL,NULL,14,'N'),(2471,'20260125','1005',6,'2026-01-29 23:52:49','2026-01-29 23:52:49',NULL,NULL,NULL,NULL,NULL,NULL,14,'N'),(2472,'20260125','1006',8,'2026-01-29 23:52:49','2026-01-29 23:52:49',NULL,NULL,NULL,NULL,NULL,NULL,14,'N'),(2473,'20260125','1016',11,'2026-01-29 23:52:50','2026-01-29 23:52:50',NULL,NULL,NULL,NULL,NULL,NULL,14,'N'),(2474,'20260125','1017',4,'2026-01-29 23:52:51','2026-01-29 23:52:51',NULL,NULL,NULL,NULL,NULL,NULL,14,'N'),(2475,'20260125','1018',4,'2026-01-29 23:52:51','2026-01-29 23:52:51',NULL,NULL,NULL,NULL,NULL,NULL,14,'N'),(2476,'20260125','1007',-105,'2026-01-29 23:52:52','2026-01-29 23:52:52',NULL,NULL,NULL,NULL,NULL,NULL,14,'N'),(2477,'20260125','1008',5,'2026-01-29 23:52:53','2026-01-29 23:52:53',NULL,NULL,NULL,NULL,NULL,NULL,14,'N'),(2478,'20260125','1010',18,'2026-01-29 23:52:53','2026-01-29 23:52:53',NULL,NULL,NULL,NULL,NULL,NULL,14,'N'),(2479,'20260125','1011',21,'2026-01-29 23:52:54','2026-01-29 23:52:54',NULL,NULL,NULL,NULL,NULL,NULL,14,'N'),(2480,'20260125','1012',22,'2026-01-29 23:52:55','2026-01-29 23:52:55',NULL,NULL,NULL,NULL,NULL,NULL,14,'N'),(2481,'20260125','1013',12,'2026-01-29 23:52:55','2026-01-29 23:52:55',NULL,NULL,NULL,NULL,NULL,NULL,14,'N'),(2482,'20260125','1014',32,'2026-01-29 23:52:56','2026-01-29 23:52:56',NULL,NULL,NULL,NULL,NULL,NULL,14,'N'),(2483,'20260125','1015',45,'2026-01-29 23:52:56','2026-01-29 23:52:56',NULL,NULL,NULL,NULL,NULL,NULL,14,'N'),(2503,'20260115','1007',17,'2026-06-13 15:18:12','2026-06-13 15:30:45',NULL,NULL,NULL,NULL,NULL,NULL,14,'N'),(2504,'20260115','1009',11,'2026-06-13 15:26:53','2026-06-13 15:30:34',NULL,NULL,NULL,NULL,NULL,NULL,14,'N'),(2505,'20260115','1002',14,'2026-06-13 15:28:23','2026-06-13 15:30:42',NULL,NULL,NULL,NULL,NULL,NULL,14,'N');
/*!40000 ALTER TABLE `TB_SALES` ENABLE KEYS */;
UNLOCK TABLES;

--
-- Table structure for table `TB_SALES_DAY`
--

DROP TABLE IF EXISTS `TB_SALES_DAY`;
/*!40101 SET @saved_cs_client     = @@character_set_client */;
/*!50503 SET character_set_client = utf8mb4 */;
CREATE TABLE `TB_SALES_DAY` (
  `SALES_YMD` varchar(10) CHARACTER SET utf8mb4 COLLATE utf8mb4_unicode_ci DEFAULT NULL COMMENT '판매일자',
  `SALES_PLACE` varchar(100) CHARACTER SET utf8mb4 COLLATE utf8mb4_unicode_ci DEFAULT NULL COMMENT '판매처',
  `SALES_AMT` int DEFAULT NULL COMMENT '매출금액',
  `SALES_EVENT_SEQ` int DEFAULT NULL COMMENT '이벤트순번'
) ENGINE=InnoDB DEFAULT CHARSET=utf8mb4 COLLATE=utf8mb4_unicode_ci;
/*!40101 SET character_set_client = @saved_cs_client */;

--
-- Dumping data for table `TB_SALES_DAY`
--

LOCK TABLES `TB_SALES_DAY` WRITE;
/*!40000 ALTER TABLE `TB_SALES_DAY` DISABLE KEYS */;
INSERT INTO `TB_SALES_DAY` VALUES ('20250627','영등포',280000,1),('20250628','영등포',285000,1),('20250629','영등포',320000,1),('20250704','용산',469000,2),('20250705','용산',1157000,2),('20250706','용산',321000,2),('20250707','용산',427000,2),('20250708','용산',287000,2),('20250709','용산',427000,2),('20250710','용산',297000,2),('20250711','용산',878000,2),('20250712','용산',1743000,2),('20250713','용산',1186000,2),('20250718','용산',799012,3),('20250719','용산',2192000,3),('20250720','용산',1572000,3),('20250822','용산',1202000,4),('20250823','용산',2127000,4),('20250824','용산',1506000,4),('20250905','용산',750000,5),('20250907','용산',1756000,5),('20250912','용산',289000,6),('20250913','용산',1569000,6),('20250914','용산',1070000,6),('20250920','헬리오',1039000,7),('20250921','헬리오',1514000,7),('20251003','용산',1742000,8),('20251004','용산',1876000,8),('20251005','용산',1586000,8),('20251008','용산',1392000,8),('20251009','용산',1407000,8),('20251012','용산',2259000,8),('20251107','용산',1330000,9),('20251108','용산',2111000,9),('20251109','용산',2530000,9),('20251113','킨텍스메가쇼',1778000,10),('20251114','킨텍스메가쇼',1118000,10),('20251115','킨텍스메가쇼',1648022,10),('20251116','킨텍스메가쇼',1571000,10),('20251219','분당롯데',1679000,11),('20251220','분당롯데',2864000,11),('20251221','분당롯데',2267000,11),('20251222','분당롯데',1535000,11),('20251223','분당롯데',2009000,11),('20251224','분당롯데',2053000,11),('20251225','분당롯데',2456000,11),('20251227','용산',3266000,12),('20251228','용산',2464000,12),('20251229','용산',1635000,12),('20251230','용산',1744000,12),('20251231','용산',2111000,12),('20260101','용산',2473000,12),('20260102','분당롯데',1710000,13),('20260103','분당롯데',1817000,13),('20260104','분당롯데',1492000,13),('20260105','분당롯데',901000,13),('20260106','분당롯데',1034000,13),('20260107','분당롯데',1576000,13),('20260108','분당롯데',1014000,13),('20260112','동탄롯데',1306000,14),('20260113','동탄롯데',1481000,14),('20260114','동탄롯데',1267000,14),('20260115','동탄롯데14',1204000,14),('20260116','동탄롯데14',1516000,14),('20260117','동탄롯데14',3629000,14),('20260118','동탄롯데14',2920000,14),('20260119','동탄롯데14',1029000,14),('20260120','동탄롯데14',707000,14),('20260121','동탄롯데14',1193000,14),('20260122','동탄롯데14',1074000,14),('20260123','동탄롯데14',1791000,14),('20260124','동탄롯데14',3522000,14),('20260125','동탄롯데14',3279000,14);
/*!40000 ALTER TABLE `TB_SALES_DAY` ENABLE KEYS */;
UNLOCK TABLES;

--
-- Table structure for table `TB_SALES_EVENT`
--

DROP TABLE IF EXISTS `TB_SALES_EVENT`;
/*!40101 SET @saved_cs_client     = @@character_set_client */;
/*!50503 SET character_set_client = utf8mb4 */;
CREATE TABLE `TB_SALES_EVENT` (
  `SALES_EVENT_SEQ` int NOT NULL AUTO_INCREMENT COMMENT '판매이벤트순번',
  `SALES_EVENT_NM` varchar(100) CHARACTER SET utf8mb4 COLLATE utf8mb4_unicode_ci DEFAULT NULL COMMENT '판매이벤트명',
  `SALES_EVENT_STR_YMD` varchar(8) CHARACTER SET utf8mb4 COLLATE utf8mb4_unicode_ci DEFAULT NULL COMMENT '이벤트시작일',
  `SALES_EVENT_END_YMD` varchar(8) CHARACTER SET utf8mb4 COLLATE utf8mb4_unicode_ci DEFAULT NULL COMMENT '이벤트종료일',
  `PROFIT_AMT` int DEFAULT NULL COMMENT '수수료',
  `PROFIT_SE_CD` varchar(100) CHARACTER SET utf8mb4 COLLATE utf8mb4_unicode_ci DEFAULT NULL COMMENT '수수료구분',
  `PROFIT_VAT_YN` varchar(1) CHARACTER SET utf8mb4 COLLATE utf8mb4_unicode_ci DEFAULT NULL COMMENT '수수료부가세여부',
  PRIMARY KEY (`SALES_EVENT_SEQ`)
) ENGINE=InnoDB AUTO_INCREMENT=29 DEFAULT CHARSET=utf8mb4 COLLATE=utf8mb4_unicode_ci;
/*!40101 SET character_set_client = @saved_cs_client */;

--
-- Dumping data for table `TB_SALES_EVENT`
--

LOCK TABLES `TB_SALES_EVENT` WRITE;
/*!40000 ALTER TABLE `TB_SALES_EVENT` DISABLE KEYS */;
INSERT INTO `TB_SALES_EVENT` VALUES (1,'영등포','20250627','20250629',0,'AMT','N'),(2,'용산','20250704','20250713',0,'AMT','N'),(3,'용산','20250718','20250720',0,'AMT','N'),(4,'용산','20250822','20250824',250000,'AMT','N'),(5,'용산','20250905','20250907',500000,'AMT','N'),(6,'용산','20250912','20250914',150000,'AMT','N'),(7,'헬리오','20250920','20250921',0,'AMT','N'),(8,'용산','20251003','20251012',800000,'AMT','N'),(9,'용산','20251107','20251109',400000,'AMT','N'),(10,'킨텍스메가쇼','20251113','20251116',2860000,'AMT','Y'),(11,'분당롯데','20251219','20251225',18,'PER','N'),(12,'용산','20251227','20260101',900000,'AMT','N'),(13,'분당롯데','20260102','20260108',18,'PER','N'),(14,'동탄롯데','20260112','20260125',18,'PER','N');
/*!40000 ALTER TABLE `TB_SALES_EVENT` ENABLE KEYS */;
UNLOCK TABLES;

--
-- Table structure for table `TB_VENDOR`
--

DROP TABLE IF EXISTS `TB_VENDOR`;
/*!40101 SET @saved_cs_client     = @@character_set_client */;
/*!50503 SET character_set_client = utf8mb4 */;
CREATE TABLE `TB_VENDOR` (
  `VENDOR_SEQ` int NOT NULL AUTO_INCREMENT COMMENT '거래처SEQ',
  `VENDOR_CD` varchar(20) COLLATE utf8mb4_unicode_ci NOT NULL COMMENT '거래처코드',
  `VENDOR_NM` varchar(100) COLLATE utf8mb4_unicode_ci NOT NULL COMMENT '거래처명',
  `USE_YN` char(1) COLLATE utf8mb4_unicode_ci NOT NULL DEFAULT 'Y' COMMENT '사용여부',
  `REG_DT` datetime NOT NULL DEFAULT CURRENT_TIMESTAMP COMMENT '등록일시',
  `UPDT_DT` datetime DEFAULT NULL COMMENT '수정일시',
  `REGR_SEQ` int DEFAULT NULL COMMENT '등록자SEQ',
  `UPDR_SEQ` int DEFAULT NULL COMMENT '수정자SEQ',
  PRIMARY KEY (`VENDOR_SEQ`),
  UNIQUE KEY `UNQ_TB_VENDOR_CD` (`VENDOR_CD`)
) ENGINE=InnoDB DEFAULT CHARSET=utf8mb4 COLLATE=utf8mb4_unicode_ci COMMENT='거래처';
/*!40101 SET character_set_client = @saved_cs_client */;

--
-- Dumping data for table `TB_VENDOR`
--

LOCK TABLES `TB_VENDOR` WRITE;
/*!40000 ALTER TABLE `TB_VENDOR` DISABLE KEYS */;
/*!40000 ALTER TABLE `TB_VENDOR` ENABLE KEYS */;
UNLOCK TABLES;
SET @@SESSION.SQL_LOG_BIN = @MYSQLDUMP_TEMP_LOG_BIN;
/*!40103 SET TIME_ZONE=@OLD_TIME_ZONE */;

/*!40101 SET SQL_MODE=@OLD_SQL_MODE */;
/*!40014 SET FOREIGN_KEY_CHECKS=@OLD_FOREIGN_KEY_CHECKS */;
/*!40014 SET UNIQUE_CHECKS=@OLD_UNIQUE_CHECKS */;
/*!40101 SET CHARACTER_SET_CLIENT=@OLD_CHARACTER_SET_CLIENT */;
/*!40101 SET CHARACTER_SET_RESULTS=@OLD_CHARACTER_SET_RESULTS */;
/*!40101 SET COLLATION_CONNECTION=@OLD_COLLATION_CONNECTION */;
/*!40111 SET SQL_NOTES=@OLD_SQL_NOTES */;

-- Dump completed on 2026-06-14 14:21:55
